"('2003-04-25', '2005-03-31')","('2005-04-01', '2007-11-30')","('2007-12-01', '2009-06-30')","('2009-07-01', '2012-02-29')","('2012-03-01', '2014-10-31')","('2014-11-01', '2017-06-30')","('2017-07-01', '2020-01-31')",win_max_consec,win_period,var_1,var_1_text,var_2,var_2_text
1.0,0.0,0.0,0.0,0.0,1.0,0.0,1,1->1; 6->6,sBbl,1,entropy,1
1.0,0.0,0.0,1.0,0.0,1.0,1.0,2,6->7,basis,0,sCo,1
1.0,0.0,0.0,1.0,1.0,0.0,1.0,2,4->5,DProd,0,PCAall,1
1.0,0.0,1.0,0.0,0.0,1.0,0.0,1,1->1; 3->3; 6->6,DProd,0,sRpc,1
1.0,0.0,1.0,0.0,0.0,0.0,0.0,1,1->1; 3->3,vix_diff,0,DFX,0
1.0,0.0,0.0,0.0,0.0,0.0,1.0,1,1->1; 7->7,StikIdx,0,sCo,1
1.0,1.0,0.0,1.0,0.0,1.0,0.0,2,1->2,sEnv,1,artcount,1
1.0,1.0,0.0,0.0,1.0,1.0,1.0,3,5->7,DProd,0,sp500Ret,0
1.0,1.0,1.0,0.0,0.0,1.0,1.0,3,1->3,OpenInt,0,sRpc,1
1.0,0.0,0.0,0.0,0.0,0.0,0.0,1,1->1,Mom,0,sRpc,1
1.0,0.0,0.0,0.0,0.0,0.0,0.0,1,1->1,sGom,1,fEp,1
1.0,0.0,1.0,0.0,0.0,0.0,0.0,1,1->1; 3->3,vix_diff,0,fEnv,1
1.0,0.0,1.0,0.0,1.0,1.0,0.0,2,5->6,sBbl,1,fRpc,1
1.0,0.0,0.0,0.0,0.0,1.0,0.0,1,1->1; 6->6,DOilVol,0,sEp,1
1.0,0.0,0.0,0.0,0.0,1.0,0.0,1,1->1; 6->6,vix_diff,0,fEp,1
1.0,0.0,0.0,0.0,0.0,0.0,0.0,1,1->1,vix_diff,0,sBbl,1
1.0,0.0,1.0,1.0,0.0,0.0,0.0,2,3->4,vix_diff,0,sEnv,1
1.0,0.0,0.0,1.0,0.0,0.0,0.0,1,1->1; 4->4,BEME,0,fGom,1
1.0,0.0,0.0,0.0,0.0,0.0,0.0,1,1->1,StikIdx,0,artcount,1
1.0,0.0,1.0,0.0,0.0,0.0,0.0,1,1->1; 3->3,StikIdx,0,fRpc,1
1.0,0.0,0.0,0.0,1.0,0.0,0.0,1,1->1; 5->5,xomRet,0,artcount,1
1.0,0.0,0.0,0.0,0.0,0.0,0.0,1,1->1,OpenInt,0,fRpc,1
1.0,1.0,0.0,0.0,0.0,1.0,1.0,2,1->2; 6->7,DOilVol,0,sCo,1
1.0,1.0,0.0,0.0,0.0,0.0,0.0,2,1->2,OpenInt,0,DOilVol,0
1.0,0.0,1.0,0.0,1.0,1.0,0.0,2,5->6,vix_diff,0,xomRet,0
1.0,1.0,0.0,0.0,0.0,0.0,0.0,2,1->2,HedgPres,0,DOilVol,0
1.0,0.0,0.0,1.0,1.0,0.0,1.0,2,4->5,fBbl,1,sCo,1
1.0,0.0,0.0,0.0,1.0,1.0,1.0,3,5->7,xomRet,0,sCo,1
1.0,0.0,0.0,1.0,0.0,1.0,0.0,1,1->1; 4->4; 6->6,DProd,0,PCAfreq,1
1.0,0.0,0.0,0.0,0.0,1.0,1.0,2,6->7,fEp,1,sCo,1
1.0,0.0,0.0,0.0,0.0,0.0,0.0,1,1->1,xomRet,0,fGom,1
1.0,0.0,0.0,1.0,0.0,0.0,0.0,1,1->1; 4->4,sGom,1,sCo,1
1.0,0.0,0.0,0.0,0.0,0.0,0.0,1,1->1,BasMom,0,trend,0
1.0,0.0,0.0,1.0,0.0,1.0,0.0,1,1->1; 4->4; 6->6,basis,0,artcount,1
1.0,0.0,0.0,1.0,0.0,1.0,0.0,1,1->1; 4->4; 6->6,fGom,1,fEp,1
1.0,0.0,0.0,0.0,0.0,1.0,0.0,1,1->1; 6->6,vix_diff,0,artcount,1
1.0,0.0,1.0,0.0,0.0,0.0,0.0,1,1->1; 3->3,vix_diff,0,sp500Ret,0
1.0,0.0,0.0,0.0,1.0,0.0,1.0,1,1->1; 5->5; 7->7,liquidity,0,sCo,1
1.0,0.0,0.0,0.0,0.0,1.0,0.0,1,1->1; 6->6,DFX,0,artcount,1
1.0,0.0,0.0,1.0,1.0,0.0,0.0,2,4->5,sBbl,1,sCo,1
1.0,0.0,0.0,0.0,0.0,0.0,0.0,1,1->1,FutRet,0,fGom,1
1.0,1.0,0.0,0.0,0.0,1.0,1.0,2,1->2; 6->7,BEME,0,sCo,1
1.0,0.0,1.0,0.0,0.0,0.0,0.0,1,1->1; 3->3,HedgPres,0,sRpc,1
1.0,0.0,0.0,0.0,0.0,0.0,0.0,1,1->1,fRpc,1,sGom,1
1.0,1.0,0.0,0.0,0.0,0.0,1.0,2,1->2,bpRet,0,sCo,1
1.0,0.0,0.0,0.0,0.0,0.0,0.0,1,1->1,OpenInt,0,trend,0
1.0,0.0,0.0,0.0,0.0,1.0,1.0,2,6->7,entropy,1,sCo,1
1.0,0.0,0.0,0.0,0.0,0.0,0.0,1,1->1,Mom,0,PCAfreq,1
1.0,0.0,0.0,0.0,0.0,1.0,0.0,1,1->1; 6->6,vix_diff,0,PCAfreq,1
1.0,0.0,1.0,0.0,0.0,1.0,0.0,1,1->1; 3->3; 6->6,InflaBeta,0,sRpc,1
1.0,1.0,0.0,0.0,0.0,0.0,0.0,2,1->2,FutRet,0,fBbl,1
1.0,1.0,0.0,0.0,0.0,0.0,0.0,2,1->2,WIPI_8wk,0,sp500Ret,0
1.0,1.0,1.0,0.0,0.0,1.0,1.0,3,1->3,InflaBeta,0,fBbl,1
1.0,0.0,0.0,0.0,0.0,0.0,1.0,1,1->1; 7->7,liquidity,0,entropy,1
1.0,0.0,0.0,1.0,1.0,1.0,0.0,3,4->6,sEnv,1,sEp,1
1.0,0.0,0.0,1.0,0.0,0.0,0.0,1,1->1; 4->4,DProd,0,fGom,1
1.0,0.0,1.0,0.0,1.0,0.0,0.0,1,1->1; 3->3; 5->5,xomRet,0,fRpc,1
1.0,0.0,1.0,0.0,0.0,0.0,1.0,1,1->1; 3->3; 7->7,basis,0,sEp,1
1.0,1.0,1.0,1.0,0.0,0.0,0.0,4,1->4,DInv,0,DSpot,0
1.0,0.0,1.0,0.0,1.0,0.0,0.0,1,1->1; 3->3; 5->5,liquidity,0,fRpc,1
1.0,0.0,1.0,0.0,0.0,0.0,0.0,1,1->1; 3->3,HedgPres,0,fRpc,1
1.0,1.0,1.0,0.0,0.0,1.0,1.0,3,1->3,vix_diff,0,sCo,1
1.0,0.0,0.0,0.0,0.0,0.0,0.0,1,1->1,vix_diff,0,FutRet,0
1.0,1.0,0.0,0.0,0.0,1.0,1.0,2,1->2; 6->7,DInv,0,sCo,1
1.0,1.0,0.0,0.0,0.0,0.0,0.0,2,1->2,bpRet,0,fBbl,1
1.0,0.0,0.0,1.0,1.0,1.0,0.0,3,4->6,DolBeta,0,fBbl,1
1.0,0.0,0.0,1.0,0.0,1.0,0.0,1,1->1; 4->4; 6->6,DInv,0,DProd,0
1.0,1.0,0.0,0.0,0.0,1.0,0.0,2,1->2,WIPI_8wk,0,DInv,0
1.0,1.0,1.0,0.0,0.0,1.0,1.0,3,1->3,InflaBeta,0,sp500Ret,0
1.0,0.0,1.0,0.0,0.0,1.0,0.0,1,1->1; 3->3; 6->6,fBbl,1,fEp,1
1.0,0.0,0.0,0.0,0.0,0.0,0.0,1,1->1,WIPI_8wk,0,rdsaRet,0
1.0,1.0,0.0,0.0,0.0,1.0,1.0,2,1->2; 6->7,WIPI_8wk,0,sCo,1
1.0,0.0,0.0,0.0,0.0,0.0,0.0,1,1->1,DSpot,0,sEp,1
1.0,1.0,0.0,0.0,0.0,1.0,1.0,2,1->2; 6->7,PCAfreq,1,entropy,1
1.0,0.0,1.0,0.0,0.0,0.0,0.0,1,1->1; 3->3,DOilVol,0,fRpc,1
1.0,0.0,1.0,1.0,0.0,1.0,0.0,2,3->4,fEp,1,fRpc,1
1.0,0.0,0.0,0.0,0.0,1.0,1.0,2,6->7,vix_diff,0,entropy,1
1.0,1.0,0.0,0.0,0.0,0.0,0.0,2,1->2,HedgPres,0,DInv,0
1.0,1.0,0.0,0.0,0.0,0.0,1.0,2,1->2,HedgPres,0,sCo,1
1.0,0.0,0.0,1.0,0.0,0.0,0.0,1,1->1; 4->4,fRpc,1,artcount,1
1.0,0.0,1.0,1.0,1.0,1.0,0.0,4,3->6,fRpc,1,sEnv,1
1.0,0.0,1.0,1.0,1.0,0.0,0.0,3,3->5,fEnv,1,fRpc,1
1.0,1.0,0.0,0.0,0.0,0.0,0.0,2,1->2,DProd,0,fBbl,1
1.0,1.0,1.0,1.0,0.0,0.0,0.0,4,1->4,DInv,0,FutRet,0
1.0,0.0,1.0,0.0,0.0,0.0,0.0,1,1->1; 3->3,DolBeta,0,DSpot,0
1.0,0.0,1.0,1.0,0.0,1.0,0.0,2,3->4,DInv,0,rdsaRet,0
1.0,1.0,0.0,0.0,0.0,0.0,0.0,2,1->2,DSpot,0,fBbl,1
1.0,0.0,0.0,0.0,0.0,0.0,0.0,1,1->1,StikIdx,0,fBbl,1
1.0,0.0,0.0,1.0,0.0,0.0,0.0,1,1->1; 4->4,DolBeta,0,fGom,1
1.0,0.0,0.0,0.0,0.0,0.0,0.0,1,1->1,DolBeta,0,FutRet,0
1.0,0.0,1.0,1.0,0.0,0.0,1.0,2,3->4,basis,0,fBbl,1
1.0,0.0,0.0,0.0,0.0,0.0,0.0,1,1->1,DSpot,0,fGom,1
1.0,1.0,1.0,1.0,0.0,1.0,0.0,4,1->4,DInv,0,fEp,1
1.0,0.0,0.0,1.0,0.0,1.0,0.0,1,1->1; 4->4; 6->6,DolBeta,0,sEnv,1
1.0,1.0,0.0,0.0,0.0,1.0,1.0,2,1->2; 6->7,BEME,0,DInv,0
1.0,0.0,0.0,0.0,0.0,1.0,0.0,1,1->1; 6->6,DolBeta,0,sRpc,1
1.0,0.0,1.0,0.0,1.0,0.0,0.0,1,1->1; 3->3; 5->5,xomRet,0,fBbl,1
1.0,0.0,1.0,0.0,0.0,1.0,0.0,1,1->1; 3->3; 6->6,InflaBeta,0,fEpg,1
1.0,0.0,1.0,0.0,0.0,1.0,1.0,2,6->7,DolBeta,0,WIPI_8wk,0
1.0,1.0,1.0,0.0,0.0,0.0,1.0,3,1->3,InflaBeta,0,rdsaRet,0
1.0,0.0,1.0,1.0,1.0,1.0,0.0,4,3->6,fRpc,1,fBbl,1
1.0,0.0,1.0,0.0,0.0,0.0,0.0,1,1->1; 3->3,vix_diff,0,fRpc,1
1.0,0.0,0.0,0.0,0.0,0.0,1.0,1,1->1; 7->7,artcount,1,sCo,1
1.0,1.0,1.0,0.0,1.0,0.0,0.0,3,1->3,OpenInt,0,fBbl,1
1.0,0.0,1.0,0.0,0.0,1.0,0.0,1,1->1; 3->3; 6->6,fBbl,1,sRpc,1
1.0,0.0,0.0,0.0,0.0,0.0,0.0,1,1->1,WIPI_8wk,0,DOilVol,0
1.0,1.0,0.0,0.0,0.0,0.0,0.0,2,1->2,InflaBeta,0,DOilVol,0
1.0,1.0,1.0,1.0,0.0,1.0,1.0,4,1->4,DInv,0,basis,0
1.0,0.0,0.0,0.0,0.0,0.0,0.0,1,1->1,liquidity,0,fGom,1
1.0,0.0,0.0,0.0,0.0,0.0,0.0,1,1->1,FutRet,0,sEp,1
1.0,0.0,0.0,1.0,1.0,0.0,1.0,2,4->5,sCo,1,sEp,1
1.0,0.0,0.0,0.0,1.0,0.0,0.0,1,1->1; 5->5,Mom,0,fRpc,1
1.0,0.0,0.0,0.0,0.0,0.0,0.0,1,1->1,BasMom,0,fEpg,1
1.0,0.0,1.0,1.0,0.0,1.0,0.0,2,3->4,DInv,0,liquidity,0
1.0,1.0,1.0,0.0,0.0,1.0,0.0,3,1->3,WIPI_8wk,0,fBbl,1
1.0,1.0,1.0,0.0,0.0,0.0,0.0,3,1->3,InflaBeta,0,sEpg,1
1.0,0.0,1.0,0.0,0.0,0.0,0.0,1,1->1; 3->3,DolBeta,0,DOilVol,0
1.0,0.0,1.0,1.0,1.0,0.0,0.0,3,3->5,DolBeta,0,DProd,0
1.0,0.0,0.0,1.0,0.0,1.0,1.0,2,6->7,DolBeta,0,basis,0
1.0,0.0,0.0,1.0,0.0,1.0,0.0,1,1->1; 4->4; 6->6,DInv,0,fEnv,1
1.0,1.0,0.0,1.0,0.0,0.0,0.0,2,1->2,fGom,1,fBbl,1
1.0,1.0,1.0,0.0,0.0,1.0,1.0,3,1->3,InflaBeta,0,PCAfreq,1
1.0,1.0,0.0,1.0,0.0,1.0,0.0,2,1->2,DInv,0,sEnv,1
1.0,0.0,1.0,0.0,0.0,0.0,0.0,1,1->1; 3->3,WIPI_8wk,0,fRpc,1
1.0,1.0,0.0,0.0,0.0,0.0,0.0,2,1->2,fBbl,1,sBbl,1
1.0,0.0,1.0,1.0,1.0,0.0,1.0,3,3->5,DolBeta,0,liquidity,0
1.0,0.0,0.0,0.0,1.0,0.0,0.0,1,1->1; 5->5,DolBeta,0,rdsaRet,0
1.0,0.0,0.0,1.0,1.0,1.0,0.0,3,4->6,DProd,0,fRpc,1
1.0,0.0,1.0,0.0,0.0,0.0,0.0,1,1->1; 3->3,DolBeta,0,sGom,1
1.0,0.0,0.0,0.0,1.0,1.0,0.0,2,5->6,DolBeta,0,sBbl,1
1.0,0.0,1.0,0.0,1.0,1.0,0.0,2,5->6,DolBeta,0,sp500Ret,0
1.0,0.0,1.0,0.0,0.0,0.0,0.0,1,1->1; 3->3,DInv,0,sEp,1
1.0,0.0,1.0,0.0,0.0,0.0,0.0,1,1->1; 3->3,trend,0,OilVol,0
1.0,0.0,0.0,0.0,0.0,1.0,1.0,2,6->7,sent,1,fBbl,1
1.0,1.0,1.0,0.0,1.0,1.0,0.0,3,1->3,tnote_10y,0,sEpg,1
1.0,0.0,0.0,1.0,0.0,0.0,0.0,1,1->1; 4->4,PCAfreq,1,fGom,1
1.0,0.0,1.0,0.0,0.0,0.0,0.0,1,1->1; 3->3,vix_diff,0,sEp,1
1.0,0.0,0.0,0.0,0.0,1.0,1.0,2,6->7,DInv,0,entropy,1
1.0,0.0,1.0,0.0,0.0,0.0,0.0,1,1->1; 3->3,DolBeta,0,bpRet,0
1.0,0.0,1.0,0.0,0.0,0.0,1.0,1,1->1; 3->3; 7->7,InflaBeta,0,FutRet,0
1.0,1.0,1.0,0.0,0.0,1.0,0.0,3,1->3,InflaBeta,0,basis,0
1.0,1.0,1.0,0.0,0.0,0.0,1.0,3,1->3,InflaBeta,0,bpRet,0
1.0,0.0,0.0,0.0,0.0,1.0,0.0,1,1->1; 6->6,DolBeta,0,artcount,1
1.0,0.0,1.0,0.0,1.0,0.0,0.0,1,1->1; 3->3; 5->5,DolBeta,0,xomRet,0
1.0,0.0,1.0,0.0,0.0,0.0,0.0,1,1->1; 3->3,DolBeta,0,StikIdx,0
1.0,0.0,1.0,0.0,0.0,0.0,1.0,1,1->1; 3->3; 7->7,InflaBeta,0,sCo,1
1.0,0.0,0.0,0.0,1.0,1.0,1.0,3,5->7,DolBeta,0,sCo,1
1.0,1.0,1.0,0.0,0.0,0.0,1.0,3,1->3,InflaBeta,0,fEnv,1
1.0,1.0,1.0,0.0,0.0,1.0,1.0,3,1->3,InflaBeta,0,WIPI_8wk,0
1.0,1.0,0.0,0.0,0.0,1.0,1.0,2,1->2; 6->7,PCAall,1,fBbl,1
1.0,1.0,1.0,0.0,0.0,0.0,1.0,3,1->3,InflaBeta,0,DSpot,0
1.0,0.0,0.0,1.0,0.0,1.0,0.0,1,1->1; 4->4; 6->6,PCAfreq,1,fRpc,1
1.0,1.0,1.0,0.0,0.0,1.0,1.0,3,1->3,InflaBeta,0,liquidity,0
1.0,1.0,1.0,0.0,0.0,0.0,1.0,3,1->3,InflaBeta,0,PCAall,1
1.0,1.0,1.0,0.0,0.0,0.0,1.0,3,1->3,InflaBeta,0,PCAsent,1
1.0,1.0,1.0,0.0,0.0,0.0,0.0,3,1->3,InflaBeta,0,sGom,1
1.0,1.0,1.0,0.0,0.0,1.0,1.0,3,1->3,InflaBeta,0,sEp,1
1.0,0.0,0.0,0.0,0.0,0.0,0.0,1,1->1,DProd,0,trend,0
1.0,1.0,0.0,0.0,0.0,1.0,0.0,2,1->2,DInv,0,PCAall,1
1.0,1.0,1.0,0.0,0.0,1.0,1.0,3,1->3,InflaBeta,0,sBbl,1
1.0,1.0,1.0,0.0,0.0,0.0,0.0,3,1->3,InflaBeta,0,fGom,1
1.0,1.0,1.0,0.0,0.0,1.0,0.0,3,1->3,DInv,0,PCAsent,1
1.0,1.0,1.0,0.0,0.0,1.0,1.0,3,1->3,InflaBeta,0,fEp,1
1.0,1.0,0.0,1.0,0.0,1.0,0.0,2,1->2,fBbl,1,artcount,1
1.0,1.0,0.0,0.0,0.0,0.0,0.0,2,1->2,fBbl,1,entropy,1
1.0,0.0,0.0,0.0,0.0,0.0,0.0,1,1->1,InflaBeta,0,trend,0
1.0,0.0,0.0,0.0,0.0,1.0,0.0,1,1->1; 6->6,DolBeta,0,PCAfreq,1
1.0,1.0,0.0,0.0,0.0,1.0,1.0,2,1->2; 6->7,PCAfreq,1,fBbl,1
1.0,0.0,1.0,1.0,1.0,0.0,0.0,3,3->5,DolBeta,0,fRpc,1
1.0,0.0,0.0,0.0,0.0,0.0,0.0,1,1->1,trend,0,fEnv,1
1.0,1.0,1.0,0.0,0.0,0.0,1.0,3,1->3,InflaBeta,0,StikIdx,0
1.0,1.0,0.0,0.0,0.0,1.0,0.0,2,1->2,BEME,0,fBbl,1
1.0,0.0,1.0,0.0,0.0,1.0,1.0,2,6->7,InflaBeta,0,xomRet,0
1.0,1.0,1.0,0.0,0.0,0.0,0.0,3,1->3,liquidity,0,fBbl,1
1.0,0.0,1.0,0.0,0.0,0.0,0.0,1,1->1; 3->3,vix_diff,0,fBbl,1
1.0,0.0,1.0,1.0,0.0,1.0,0.0,2,3->4,DInv,0,sBbl,1
1.0,0.0,0.0,0.0,0.0,1.0,1.0,2,6->7,PCAfreq,1,sCo,1
1.0,0.0,0.0,0.0,0.0,0.0,0.0,1,1->1,HedgPres,0,trend,0
1.0,0.0,1.0,0.0,1.0,1.0,0.0,2,5->6,fRpc,1,sEp,1
1.0,0.0,0.0,1.0,0.0,1.0,0.0,1,1->1; 4->4; 6->6,DolBeta,0,fEp,1
1.0,0.0,1.0,0.0,1.0,1.0,1.0,3,5->7,PCAsent,1,fBbl,1
1.0,0.0,1.0,0.0,1.0,0.0,1.0,1,1->1; 3->3; 5->5; 7->7,BasMom,0,sCo,1
1.0,0.0,0.0,1.0,0.0,0.0,0.0,1,1->1; 4->4,fGom,1,fRpc,1
1.0,0.0,0.0,0.0,0.0,0.0,1.0,1,1->1; 7->7,fRpc,1,entropy,1
1.0,1.0,1.0,0.0,0.0,0.0,0.0,3,1->3,fBbl,1,fEnv,1
1.0,1.0,1.0,0.0,0.0,1.0,0.0,3,1->3,InflaBeta,0,DFX,0
1.0,1.0,1.0,0.0,0.0,1.0,1.0,3,1->3,InflaBeta,0,DProd,0
1.0,0.0,0.0,0.0,0.0,1.0,0.0,1,1->1; 6->6,DInv,0,artcount,1
1.0,0.0,1.0,0.0,1.0,1.0,0.0,2,5->6,BasMom,0,sEp,1
1.0,0.0,0.0,0.0,0.0,0.0,0.0,1,1->1,trend,0,WIPI_8wk,0
1.0,0.0,1.0,0.0,1.0,1.0,0.0,2,5->6,BasMom,0,DProd,0
1.0,0.0,1.0,0.0,1.0,0.0,1.0,1,1->1; 3->3; 5->5; 7->7,BasMom,0,sEpg,1
1.0,0.0,1.0,1.0,0.0,0.0,0.0,2,3->4,DInv,0,fBbl,1
1.0,0.0,1.0,0.0,0.0,1.0,1.0,2,6->7,DInv,0,sRpc,1
1.0,0.0,0.0,0.0,0.0,0.0,0.0,1,1->1,DolBeta,0,DFX,0
1.0,0.0,0.0,0.0,1.0,0.0,0.0,1,1->1; 5->5,Mom,0,fBbl,1
1.0,0.0,1.0,0.0,0.0,1.0,0.0,1,1->1; 3->3; 6->6,tnote_10y,0,fEpg,1
1.0,0.0,1.0,1.0,1.0,1.0,1.0,5,3->7,fRpc,1,sCo,1
1.0,0.0,1.0,0.0,0.0,1.0,0.0,1,1->1; 3->3; 6->6,InflaBeta,0,tnote_10y,0
1.0,1.0,1.0,0.0,0.0,1.0,0.0,3,1->3,InflaBeta,0,DInv,0
1.0,1.0,0.0,1.0,0.0,1.0,0.0,2,1->2,vix_diff,0,DInv,0
1.0,0.0,0.0,0.0,0.0,0.0,0.0,1,1->1,BEME,0,trend,0
1.0,0.0,0.0,1.0,0.0,1.0,0.0,1,1->1; 4->4; 6->6,DolBeta,0,DInv,0
1.0,0.0,1.0,0.0,1.0,0.0,0.0,1,1->1; 3->3; 5->5,BasMom,0,xomRet,0
1.0,1.0,0.0,1.0,0.0,0.0,0.0,2,1->2,DInv,0,fGom,1
1.0,1.0,1.0,0.0,0.0,1.0,0.0,3,1->3,DFX,0,fBbl,1
1.0,0.0,0.0,1.0,0.0,0.0,1.0,1,1->1; 4->4; 7->7,fBbl,1,sEnv,1
1.0,0.0,0.0,0.0,0.0,0.0,0.0,1,1->1,trend,0,sEnv,1
1.0,0.0,1.0,0.0,1.0,1.0,0.0,2,5->6,BasMom,0,DFX,0
1.0,0.0,0.0,0.0,0.0,0.0,0.0,1,1->1,liquidity,0,trend,0
1.0,0.0,1.0,0.0,0.0,0.0,0.0,1,1->1; 3->3,tnote_10y,0,trend,0
1.0,0.0,1.0,0.0,1.0,1.0,0.0,2,5->6,BasMom,0,sp500Ret,0
1.0,0.0,1.0,0.0,0.0,0.0,0.0,1,1->1; 3->3,BasMom,0,OilVol,0
1.0,0.0,0.0,0.0,0.0,0.0,0.0,1,1->1,DSpot,0,trend,0
1.0,0.0,1.0,1.0,0.0,0.0,0.0,2,3->4,fBbl,1,sEp,1
1.0,0.0,0.0,0.0,0.0,1.0,0.0,1,1->1; 6->6,DInv,0,fRpc,1
1.0,0.0,0.0,0.0,0.0,0.0,0.0,1,1->1,Mom,0,trend,0
1.0,0.0,0.0,0.0,0.0,0.0,0.0,1,1->1,trend,0,bpRet,0
1.0,0.0,0.0,0.0,0.0,0.0,0.0,1,1->1,trend,0,sEp,1
1.0,0.0,0.0,0.0,0.0,0.0,0.0,1,1->1,trend,0,fGom,1
1.0,0.0,0.0,0.0,0.0,0.0,0.0,1,1->1,trend,0,sGom,1
1.0,0.0,0.0,0.0,0.0,0.0,0.0,1,1->1,trend,0,entropy,1
1.0,0.0,0.0,0.0,0.0,0.0,0.0,1,1->1,trend,0,artcount,1
1.0,0.0,0.0,0.0,0.0,0.0,0.0,1,1->1,trend,0,fEp,1
1.0,0.0,0.0,0.0,0.0,0.0,0.0,1,1->1,trend,0,fBbl,1
1.0,0.0,0.0,0.0,0.0,0.0,1.0,1,1->1; 7->7,trend,0,PCAfreq,1
1.0,0.0,0.0,0.0,0.0,0.0,0.0,1,1->1,StikIdx,0,trend,0
1.0,0.0,0.0,0.0,0.0,0.0,0.0,1,1->1,trend,0,xomRet,0
1.0,0.0,0.0,0.0,0.0,0.0,0.0,1,1->1,trend,0,sp500Ret,0
1.0,0.0,0.0,0.0,0.0,0.0,0.0,1,1->1,trend,0,PCAsent,1
1.0,0.0,0.0,0.0,0.0,0.0,0.0,1,1->1,trend,0,sCo,1
1.0,0.0,1.0,0.0,1.0,0.0,0.0,1,1->1; 3->3; 5->5,BasMom,0,WIPI_8wk,0
1.0,0.0,0.0,0.0,0.0,0.0,0.0,1,1->1,trend,0,DOilVol,0
1.0,0.0,0.0,0.0,0.0,0.0,0.0,1,1->1,trend,0,PCAall,1
1.0,0.0,0.0,0.0,0.0,0.0,0.0,1,1->1,trend,0,rdsaRet,0
1.0,0.0,0.0,0.0,0.0,0.0,0.0,1,1->1,FutRet,0,trend,0
1.0,0.0,0.0,0.0,0.0,0.0,0.0,1,1->1,trend,0,sent,1
1.0,0.0,1.0,0.0,1.0,0.0,0.0,1,1->1; 3->3; 5->5,BasMom,0,StikIdx,0
1.0,0.0,0.0,0.0,1.0,0.0,0.0,1,1->1; 5->5,BasMom,0,DSpot,0
1.0,0.0,1.0,0.0,1.0,0.0,0.0,1,1->1; 3->3; 5->5,BasMom,0,DOilVol,0
1.0,0.0,1.0,0.0,0.0,0.0,0.0,1,1->1; 3->3,BasMom,0,sGom,1
1.0,0.0,1.0,0.0,0.0,1.0,0.0,1,1->1; 3->3; 6->6,BasMom,0,sent,1
1.0,0.0,0.0,0.0,1.0,1.0,1.0,3,5->7,BasMom,0,PCAfreq,1
1.0,0.0,1.0,1.0,1.0,1.0,0.0,4,3->6,DolBeta,0,sEp,1
1.0,0.0,1.0,0.0,1.0,0.0,0.0,1,1->1; 3->3; 5->5,BasMom,0,rdsaRet,0
1.0,0.0,1.0,0.0,1.0,1.0,0.0,2,5->6,BasMom,0,fBbl,1
1.0,0.0,1.0,0.0,0.0,0.0,0.0,1,1->1; 3->3,tnote_10y,0,OilVol,0
1.0,0.0,0.0,1.0,0.0,0.0,0.0,1,1->1; 4->4,trend,0,sRpc,1
1.0,0.0,0.0,0.0,0.0,0.0,0.0,1,1->1,BasMom,0,FutRet,0
1.0,0.0,0.0,0.0,0.0,0.0,0.0,1,1->1,DFX,0,trend,0
1.0,0.0,0.0,0.0,0.0,0.0,0.0,1,1->1,trend,0,fRpc,1
1.0,0.0,1.0,0.0,1.0,1.0,0.0,2,5->6,BasMom,0,fRpc,1
1.0,0.0,1.0,0.0,0.0,0.0,0.0,1,1->1; 3->3,BasMom,0,bpRet,0
1.0,0.0,0.0,1.0,0.0,1.0,0.0,1,1->1; 4->4; 6->6,DInv,0,PCAfreq,1
1.0,0.0,0.0,0.0,0.0,0.0,0.0,1,1->1,trend,0,sBbl,1
1.0,0.0,1.0,0.0,1.0,0.0,0.0,1,1->1; 3->3; 5->5,BasMom,0,DInv,0
1.0,0.0,0.0,0.0,0.0,0.0,0.0,1,1->1,BasMom,0,entropy,1
1.0,0.0,0.0,0.0,1.0,1.0,0.0,2,5->6,BasMom,0,fEnv,1
1.0,0.0,1.0,0.0,0.0,1.0,0.0,1,1->1; 3->3; 6->6,BasMom,0,sEnv,1
1.0,0.0,1.0,0.0,0.0,0.0,0.0,1,1->1; 3->3,OpenInt,0,tnote_10y,0
1.0,0.0,0.0,0.0,0.0,0.0,0.0,1,1->1,vix_diff,0,trend,0
1.0,0.0,0.0,0.0,1.0,0.0,0.0,1,1->1; 5->5,BasMom,0,fGom,1
1.0,0.0,1.0,0.0,1.0,1.0,1.0,3,5->7,BasMom,0,liquidity,0
1.0,0.0,0.0,0.0,0.0,1.0,0.0,1,1->1; 6->6,BasMom,0,artcount,1
1.0,0.0,1.0,0.0,0.0,0.0,0.0,1,1->1; 3->3,tnote_10y,0,sGom,1
1.0,0.0,0.0,0.0,0.0,0.0,0.0,1,1->1,basis,0,trend,0
1.0,0.0,1.0,0.0,1.0,1.0,0.0,2,5->6,BasMom,0,tnote_10y,0
1.0,0.0,1.0,0.0,0.0,1.0,1.0,2,6->7,BasMom,0,basis,0
1.0,0.0,1.0,0.0,1.0,0.0,0.0,1,1->1; 3->3; 5->5,BasMom,0,fEp,1
1.0,0.0,1.0,0.0,1.0,1.0,0.0,2,5->6,BasMom,0,sBbl,1
1.0,0.0,0.0,0.0,0.0,0.0,0.0,1,1->1,trend,0,DInv,0
1.0,0.0,1.0,0.0,1.0,0.0,0.0,1,1->1; 3->3; 5->5,Mom,0,tnote_10y,0
1.0,0.0,1.0,0.0,0.0,0.0,0.0,1,1->1; 3->3,tnote_10y,0,fEnv,1
1.0,0.0,1.0,0.0,0.0,0.0,0.0,1,1->1; 3->3,tnote_10y,0,sEp,1
1.0,0.0,0.0,0.0,0.0,0.0,0.0,1,1->1,BasMom,0,PCAall,1
1.0,0.0,1.0,0.0,0.0,1.0,0.0,1,1->1; 3->3; 6->6,BasMom,0,sRpc,1
1.0,0.0,1.0,0.0,0.0,0.0,0.0,1,1->1; 3->3,tnote_10y,0,fBbl,1
1.0,1.0,1.0,0.0,0.0,1.0,0.0,3,1->3,tnote_10y,0,PCAall,1
1.0,1.0,1.0,0.0,1.0,0.0,1.0,3,1->3,tnote_10y,0,PCAsent,1
1.0,1.0,1.0,0.0,0.0,0.0,0.0,3,1->3,tnote_10y,0,sent,1
1.0,0.0,0.0,0.0,0.0,0.0,0.0,1,1->1,DolBeta,0,trend,0
1.0,0.0,1.0,0.0,0.0,1.0,0.0,1,1->1; 3->3; 6->6,DolBeta,0,tnote_10y,0
1.0,0.0,1.0,0.0,0.0,0.0,0.0,1,1->1; 3->3,xomRet,0,tnote_10y,0
1.0,0.0,1.0,0.0,0.0,0.0,0.0,1,1->1; 3->3,tnote_10y,0,fEp,1
1.0,0.0,1.0,0.0,1.0,0.0,0.0,1,1->1; 3->3; 5->5,BasMom,0,PCAsent,1
1.0,1.0,1.0,0.0,1.0,1.0,1.0,3,1->3; 5->7,tnote_10y,0,sCo,1
1.0,0.0,1.0,0.0,0.0,0.0,0.0,1,1->1; 3->3,tnote_10y,0,fGom,1
1.0,0.0,1.0,0.0,0.0,0.0,0.0,1,1->1; 3->3,tnote_10y,0,StikIdx,0
1.0,0.0,1.0,0.0,0.0,0.0,0.0,1,1->1; 3->3,bpRet,0,tnote_10y,0
1.0,0.0,1.0,0.0,1.0,1.0,0.0,2,5->6,sp500Ret,0,tnote_10y,0
1.0,0.0,1.0,0.0,0.0,0.0,0.0,1,1->1; 3->3,tnote_10y,0,DSpot,0
1.0,0.0,1.0,0.0,0.0,0.0,0.0,1,1->1; 3->3,tnote_10y,0,FutRet,0
1.0,0.0,1.0,0.0,0.0,0.0,0.0,1,1->1; 3->3,HedgPres,0,tnote_10y,0
1.0,0.0,1.0,0.0,0.0,1.0,0.0,1,1->1; 3->3; 6->6,tnote_10y,0,WIPI_8wk,0
1.0,0.0,1.0,0.0,0.0,0.0,0.0,1,1->1; 3->3,liquidity,0,tnote_10y,0
1.0,0.0,1.0,0.0,0.0,0.0,0.0,1,1->1; 3->3,tnote_10y,0,DOilVol,0
1.0,0.0,1.0,0.0,0.0,0.0,0.0,1,1->1; 3->3,vix_diff,0,tnote_10y,0
1.0,0.0,1.0,0.0,1.0,0.0,0.0,1,1->1; 3->3; 5->5,tnote_10y,0,rdsaRet,0
1.0,1.0,1.0,0.0,0.0,1.0,0.0,3,1->3,tnote_10y,0,sRpc,1
1.0,0.0,1.0,0.0,0.0,1.0,0.0,1,1->1; 3->3; 6->6,tnote_10y,0,basis,0
1.0,1.0,1.0,0.0,0.0,0.0,0.0,3,1->3,tnote_10y,0,PCAfreq,1
1.0,0.0,1.0,0.0,0.0,0.0,0.0,1,1->1; 3->3,DProd,0,tnote_10y,0
1.0,0.0,1.0,0.0,0.0,0.0,0.0,1,1->1; 3->3,BEME,0,tnote_10y,0
1.0,0.0,1.0,0.0,0.0,0.0,1.0,1,1->1; 3->3; 7->7,tnote_10y,0,artcount,1
1.0,0.0,1.0,0.0,0.0,0.0,0.0,1,1->1; 3->3,tnote_10y,0,sBbl,1
1.0,0.0,1.0,0.0,0.0,0.0,0.0,1,1->1; 3->3,tnote_10y,0,sEnv,1
1.0,0.0,1.0,0.0,0.0,1.0,0.0,1,1->1; 3->3; 6->6,DFX,0,tnote_10y,0
1.0,0.0,0.0,0.0,1.0,0.0,0.0,1,1->1; 5->5,tnote_10y,0,fRpc,1
1.0,1.0,1.0,0.0,0.0,1.0,0.0,3,1->3,DInv,0,tnote_10y,0
0.0,1.0,1.0,0.0,1.0,0.0,1.0,2,2->3,rdsaRet,0,PCAsent,1
0.0,1.0,0.0,0.0,1.0,0.0,0.0,1,2->2; 5->5,sp500Ret,0,rdsaRet,0
0.0,1.0,0.0,0.0,0.0,0.0,1.0,1,2->2; 7->7,sp500Ret,0,PCAall,1
0.0,1.0,1.0,0.0,1.0,0.0,1.0,2,2->3,sp500Ret,0,PCAsent,1
0.0,1.0,1.0,0.0,0.0,1.0,0.0,2,2->3,sp500Ret,0,sRpc,1
0.0,1.0,0.0,0.0,0.0,1.0,0.0,1,2->2; 6->6,rdsaRet,0,fEp,1
0.0,1.0,0.0,0.0,1.0,0.0,0.0,1,2->2; 5->5,liquidity,0,rdsaRet,0
0.0,1.0,0.0,0.0,0.0,0.0,0.0,1,2->2,BEME,0,rdsaRet,0
0.0,1.0,0.0,0.0,0.0,0.0,0.0,1,2->2,rdsaRet,0,fGom,1
0.0,1.0,1.0,0.0,1.0,0.0,0.0,2,2->3,rdsaRet,0,sEnv,1
0.0,1.0,0.0,0.0,0.0,0.0,1.0,1,2->2; 7->7,rdsaRet,0,PCAall,1
0.0,1.0,0.0,1.0,0.0,1.0,1.0,2,6->7,sEp,1,artcount,1
0.0,1.0,0.0,0.0,1.0,0.0,0.0,1,2->2; 5->5,DProd,0,rdsaRet,0
0.0,1.0,0.0,0.0,0.0,1.0,1.0,2,6->7,DFX,0,sCo,1
0.0,1.0,0.0,0.0,0.0,0.0,0.0,1,2->2,rdsaRet,0,sGom,1
0.0,1.0,1.0,1.0,0.0,1.0,0.0,3,2->4,HedgPres,0,fEp,1
0.0,1.0,1.0,1.0,0.0,1.0,0.0,3,2->4,basis,0,DOilVol,0
0.0,1.0,0.0,1.0,0.0,1.0,1.0,2,6->7,basis,0,fEp,1
0.0,1.0,0.0,1.0,0.0,0.0,1.0,1,2->2; 4->4; 7->7,basis,0,sEnv,1
0.0,1.0,0.0,0.0,0.0,1.0,1.0,2,6->7,basis,0,rdsaRet,0
0.0,1.0,1.0,0.0,0.0,1.0,0.0,2,2->3,WIPI_8wk,0,fEp,1
0.0,1.0,1.0,0.0,0.0,0.0,0.0,2,2->3,DProd,0,DOilVol,0
0.0,1.0,0.0,0.0,0.0,0.0,0.0,1,2->2,BEME,0,WIPI_8wk,0
0.0,1.0,1.0,1.0,0.0,0.0,0.0,3,2->4,basis,0,sGom,1
0.0,1.0,1.0,0.0,0.0,0.0,0.0,2,2->3,DOilVol,0,sGom,1
0.0,1.0,1.0,1.0,0.0,0.0,1.0,3,2->4,DProd,0,PCAsent,1
0.0,1.0,0.0,0.0,0.0,0.0,0.0,1,2->2,HedgPres,0,basis,0
0.0,1.0,0.0,0.0,0.0,0.0,0.0,1,2->2,DOilVol,0,fGom,1
0.0,1.0,1.0,1.0,0.0,0.0,0.0,3,2->4,sGom,1,fEnv,1
0.0,1.0,1.0,0.0,0.0,0.0,1.0,2,2->3,WIPI_8wk,0,PCAsent,1
0.0,1.0,0.0,0.0,0.0,0.0,0.0,1,2->2,HedgPres,0,rdsaRet,0
0.0,1.0,0.0,0.0,0.0,0.0,0.0,1,2->2,DOilVol,0,DSpot,0
0.0,1.0,0.0,1.0,0.0,1.0,0.0,1,2->2; 4->4; 6->6,BEME,0,fEpg,1
0.0,1.0,1.0,1.0,1.0,1.0,0.0,5,2->6,DProd,0,sEnv,1
0.0,1.0,0.0,1.0,0.0,0.0,0.0,1,2->2; 4->4,DProd,0,fEp,1
0.0,1.0,0.0,1.0,0.0,0.0,0.0,1,2->2; 4->4,artcount,1,fGom,1
0.0,1.0,1.0,0.0,0.0,0.0,0.0,2,2->3,sp500Ret,0,sGom,1
0.0,1.0,1.0,0.0,0.0,1.0,0.0,2,2->3,OpenInt,0,DFX,0
0.0,1.0,0.0,0.0,0.0,0.0,0.0,1,2->2,BEME,0,DProd,0
0.0,1.0,0.0,1.0,1.0,1.0,0.0,3,4->6,liquidity,0,DProd,0
0.0,1.0,0.0,1.0,0.0,0.0,0.0,1,2->2; 4->4,artcount,1,fEnv,1
0.0,1.0,1.0,0.0,0.0,1.0,0.0,2,2->3,sRpc,1,sEpg,1
0.0,1.0,1.0,0.0,0.0,0.0,0.0,2,2->3,DOilVol,0,sEpg,1
0.0,1.0,0.0,1.0,0.0,0.0,1.0,1,2->2; 4->4; 7->7,DProd,0,basis,0
0.0,1.0,0.0,1.0,0.0,1.0,0.0,1,2->2; 4->4; 6->6,OpenInt,0,fEpg,1
0.0,1.0,0.0,0.0,1.0,0.0,0.0,1,2->2; 5->5,rdsaRet,0,sEpg,1
0.0,1.0,1.0,0.0,1.0,1.0,0.0,2,2->3; 5->6,sp500Ret,0,sEnv,1
0.0,1.0,1.0,0.0,0.0,1.0,0.0,2,2->3,sRpc,1,sent,1
0.0,1.0,1.0,1.0,0.0,1.0,0.0,3,2->4,DInv,0,DFX,0
0.0,1.0,0.0,0.0,0.0,0.0,0.0,1,2->2,HedgPres,0,liquidity,0
0.0,1.0,0.0,0.0,1.0,0.0,1.0,1,2->2; 5->5; 7->7,BEME,0,sp500Ret,0
0.0,1.0,0.0,0.0,0.0,0.0,0.0,1,2->2,sGom,1,sEpg,1
0.0,1.0,1.0,0.0,1.0,1.0,0.0,2,2->3; 5->6,sEpg,1,fBbl,1
0.0,1.0,0.0,1.0,0.0,1.0,0.0,1,2->2; 4->4; 6->6,fEp,1,artcount,1
0.0,1.0,1.0,0.0,0.0,0.0,0.0,2,2->3,vix_diff,0,DOilVol,0
0.0,1.0,0.0,0.0,0.0,0.0,0.0,1,2->2,BEME,0,sEnv,1
0.0,1.0,0.0,0.0,0.0,0.0,1.0,1,2->2; 7->7,BEME,0,entropy,1
0.0,1.0,0.0,1.0,0.0,1.0,0.0,1,2->2; 4->4; 6->6,fEpg,1,fCo,1
0.0,1.0,0.0,0.0,0.0,1.0,1.0,2,6->7,liquidity,0,sRpc,1
0.0,1.0,0.0,0.0,0.0,1.0,0.0,1,2->2; 6->6,WIPI_8wk,0,DProd,0
0.0,1.0,1.0,0.0,1.0,0.0,1.0,2,2->3,sp500Ret,0,fEnv,1
0.0,1.0,1.0,0.0,0.0,0.0,1.0,2,2->3,HedgPres,0,WIPI_8wk,0
0.0,1.0,0.0,0.0,0.0,0.0,0.0,1,2->2,PCAall,1,sGom,1
0.0,1.0,0.0,1.0,0.0,1.0,0.0,1,2->2; 4->4; 6->6,OpenInt,0,fEp,1
0.0,1.0,1.0,0.0,0.0,0.0,0.0,2,2->3,DOilVol,0,fEnv,1
0.0,1.0,1.0,0.0,0.0,1.0,1.0,2,2->3; 6->7,fEp,1,sEpg,1
0.0,1.0,1.0,0.0,0.0,0.0,1.0,2,2->3,HedgPres,0,PCAsent,1
0.0,1.0,0.0,0.0,1.0,1.0,1.0,3,5->7,BEME,0,sEpg,1
0.0,1.0,1.0,0.0,0.0,0.0,0.0,2,2->3,fGom,1,sEpg,1
0.0,1.0,0.0,1.0,0.0,0.0,1.0,1,2->2; 4->4; 7->7,PCAall,1,sEp,1
0.0,1.0,0.0,0.0,0.0,0.0,0.0,1,2->2,artcount,1,sEpg,1
0.0,1.0,0.0,0.0,0.0,1.0,0.0,1,2->2; 6->6,fEpg,1,sBbl,1
0.0,1.0,1.0,0.0,0.0,0.0,0.0,2,2->3,OilVol,0,fEnv,1
0.0,1.0,0.0,0.0,0.0,0.0,0.0,1,2->2,liquidity,0,sGom,1
0.0,1.0,0.0,0.0,1.0,1.0,0.0,2,5->6,DFX,0,sp500Ret,0
0.0,1.0,0.0,0.0,0.0,0.0,0.0,1,2->2,BEME,0,sBbl,1
0.0,1.0,1.0,0.0,1.0,1.0,1.0,3,5->7,bpRet,0,sEpg,1
0.0,1.0,0.0,0.0,0.0,1.0,0.0,1,2->2; 6->6,HedgPres,0,fEpg,1
0.0,1.0,0.0,0.0,0.0,1.0,0.0,1,2->2; 6->6,DOilVol,0,fEpg,1
0.0,1.0,1.0,0.0,0.0,0.0,0.0,2,2->3,liquidity,0,sEnv,1
0.0,1.0,1.0,0.0,0.0,1.0,0.0,2,2->3,sBbl,1,sRpc,1
0.0,1.0,0.0,0.0,1.0,0.0,0.0,1,2->2; 5->5,DProd,0,sEpg,1
0.0,1.0,1.0,0.0,0.0,0.0,0.0,2,2->3,liquidity,0,WIPI_8wk,0
0.0,1.0,1.0,0.0,1.0,1.0,0.0,2,2->3; 5->6,liquidity,0,sEpg,1
0.0,1.0,0.0,0.0,0.0,1.0,0.0,1,2->2; 6->6,WIPI_8wk,0,fEpg,1
0.0,1.0,1.0,0.0,1.0,0.0,0.0,2,2->3,sEpg,1,sBbl,1
0.0,1.0,0.0,0.0,0.0,0.0,0.0,1,2->2,HedgPres,0,DProd,0
0.0,1.0,0.0,1.0,0.0,1.0,1.0,2,6->7,PCAfreq,1,fCo,1
0.0,1.0,0.0,0.0,0.0,0.0,0.0,1,2->2,DOilVol,0,sBbl,1
0.0,1.0,0.0,0.0,1.0,0.0,0.0,1,2->2; 5->5,sp500Ret,0,sEpg,1
0.0,1.0,1.0,1.0,0.0,0.0,0.0,3,2->4,basis,0,sBbl,1
0.0,1.0,1.0,0.0,0.0,0.0,0.0,2,2->3,bpRet,0,DProd,0
0.0,1.0,1.0,1.0,0.0,1.0,0.0,3,2->4,vix_diff,0,fCo,1
0.0,1.0,0.0,0.0,0.0,0.0,0.0,1,2->2,HedgPres,0,sEnv,1
0.0,1.0,0.0,0.0,0.0,1.0,0.0,1,2->2; 6->6,HedgPres,0,sBbl,1
0.0,1.0,1.0,0.0,1.0,0.0,0.0,2,2->3,sp500Ret,0,sBbl,1
0.0,1.0,0.0,0.0,0.0,0.0,0.0,1,2->2,DSpot,0,fCo,1
0.0,1.0,0.0,0.0,0.0,0.0,1.0,1,2->2; 7->7,HedgPres,0,PCAall,1
0.0,1.0,0.0,0.0,1.0,0.0,1.0,1,2->2; 5->5; 7->7,DFX,0,sEpg,1
0.0,1.0,0.0,0.0,0.0,0.0,0.0,1,2->2,PCAall,1,sBbl,1
0.0,1.0,0.0,0.0,0.0,1.0,0.0,1,2->2; 6->6,PCAall,1,fEp,1
0.0,1.0,0.0,1.0,0.0,0.0,0.0,1,2->2; 4->4,PCAall,1,fGom,1
0.0,1.0,0.0,1.0,0.0,1.0,1.0,2,6->7,BEME,0,PCAall,1
0.0,1.0,0.0,1.0,0.0,0.0,1.0,1,2->2; 4->4; 7->7,liquidity,0,PCAall,1
0.0,1.0,0.0,0.0,0.0,0.0,0.0,1,2->2,HedgPres,0,sp500Ret,0
0.0,1.0,0.0,1.0,0.0,0.0,0.0,1,2->2; 4->4,DProd,0,sGom,1
0.0,1.0,0.0,1.0,0.0,1.0,1.0,2,6->7,PCAall,1,sEnv,1
0.0,1.0,0.0,0.0,1.0,1.0,0.0,2,5->6,PCAall,1,sEpg,1
0.0,1.0,1.0,0.0,0.0,1.0,0.0,2,2->3,WIPI_8wk,0,sEpg,1
0.0,1.0,0.0,0.0,0.0,0.0,0.0,1,2->2,sp500Ret,0,fEp,1
0.0,1.0,0.0,1.0,0.0,0.0,0.0,1,2->2; 4->4,basis,0,fCo,1
0.0,1.0,0.0,0.0,1.0,1.0,0.0,2,5->6,DFX,0,fCo,1
0.0,1.0,0.0,1.0,0.0,0.0,0.0,1,2->2; 4->4,fEp,1,fEnv,1
0.0,1.0,0.0,0.0,0.0,0.0,0.0,1,2->2,rdsaRet,0,sRpc,1
0.0,1.0,1.0,0.0,1.0,0.0,0.0,2,2->3,rdsaRet,0,fEnv,1
0.0,1.0,0.0,0.0,0.0,0.0,0.0,1,2->2,sp500Ret,0,fGom,1
0.0,1.0,0.0,0.0,1.0,1.0,1.0,3,5->7,sEnv,1,sEpg,1
0.0,1.0,0.0,0.0,0.0,0.0,1.0,1,2->2; 7->7,WIPI_8wk,0,PCAall,1
0.0,1.0,1.0,0.0,0.0,0.0,0.0,2,2->3,HedgPres,0,sEpg,1
0.0,1.0,1.0,0.0,1.0,1.0,0.0,2,2->3; 5->6,tnote_10y,0,fCo,1
0.0,1.0,0.0,0.0,0.0,0.0,0.0,1,2->2,bpRet,0,DOilVol,0
0.0,1.0,1.0,0.0,0.0,0.0,1.0,2,2->3,PCAsent,1,sRpc,1
0.0,1.0,1.0,0.0,0.0,0.0,1.0,2,2->3,WIPI_8wk,0,sEnv,1
0.0,1.0,1.0,0.0,0.0,0.0,0.0,2,2->3,HedgPres,0,fEnv,1
0.0,1.0,0.0,0.0,0.0,1.0,0.0,1,2->2; 6->6,sEp,1,sRpc,1
0.0,1.0,0.0,1.0,0.0,0.0,0.0,1,2->2; 4->4,fCo,1,fGom,1
0.0,1.0,1.0,0.0,1.0,1.0,1.0,3,5->7,PCAsent,1,sEpg,1
0.0,1.0,1.0,1.0,1.0,1.0,0.0,5,2->6,OpenInt,0,DProd,0
0.0,1.0,0.0,0.0,0.0,0.0,1.0,1,2->2; 7->7,StikIdx,0,PCAall,1
0.0,1.0,1.0,0.0,0.0,1.0,0.0,2,2->3,WIPI_8wk,0,sBbl,1
0.0,1.0,1.0,1.0,0.0,0.0,0.0,3,2->4,fGom,1,sRpc,1
0.0,1.0,1.0,1.0,0.0,1.0,1.0,3,2->4,basis,0,fEnv,1
0.0,1.0,1.0,0.0,0.0,1.0,1.0,2,2->3; 6->7,fCo,1,sRpc,1
0.0,1.0,0.0,0.0,1.0,0.0,0.0,1,2->2; 5->5,fCo,1,sBbl,1
0.0,1.0,1.0,1.0,0.0,1.0,1.0,3,2->4,OpenInt,0,basis,0
0.0,1.0,0.0,0.0,0.0,1.0,0.0,1,2->2; 6->6,rdsaRet,0,fEpg,1
0.0,1.0,0.0,1.0,0.0,1.0,0.0,1,2->2; 4->4; 6->6,fEp,1,sRpc,1
0.0,1.0,0.0,0.0,0.0,0.0,0.0,1,2->2,sGom,1,sRpc,1
0.0,1.0,0.0,0.0,1.0,1.0,0.0,2,5->6,fEnv,1,sEpg,1
0.0,1.0,0.0,0.0,1.0,0.0,0.0,1,2->2; 5->5,bpRet,0,fCo,1
0.0,1.0,1.0,0.0,0.0,0.0,0.0,2,2->3,fEnv,1,sBbl,1
0.0,1.0,1.0,0.0,1.0,0.0,1.0,2,2->3,sEpg,1,sCo,1
0.0,1.0,0.0,0.0,1.0,0.0,0.0,1,2->2; 5->5,Mom,0,sCo,1
0.0,1.0,0.0,0.0,0.0,0.0,0.0,1,2->2,OpenInt,0,bpRet,0
0.0,1.0,1.0,1.0,1.0,1.0,0.0,5,2->6,fEnv,1,fCo,1
0.0,1.0,0.0,0.0,1.0,0.0,1.0,1,2->2; 5->5; 7->7,sp500Ret,0,sCo,1
0.0,1.0,0.0,0.0,0.0,0.0,0.0,1,2->2,bpRet,0,sp500Ret,0
0.0,1.0,1.0,1.0,0.0,1.0,0.0,3,2->4,fCo,1,fEp,1
0.0,1.0,1.0,0.0,0.0,0.0,0.0,2,2->3,OpenInt,0,sGom,1
0.0,1.0,0.0,1.0,1.0,0.0,1.0,2,4->5,sCo,1,fCo,1
0.0,1.0,0.0,0.0,0.0,1.0,0.0,1,2->2; 6->6,BEME,0,fCo,1
0.0,1.0,1.0,0.0,0.0,1.0,0.0,2,2->3,OpenInt,0,sBbl,1
0.0,1.0,1.0,0.0,0.0,0.0,0.0,2,2->3,OilVol,0,liquidity,0
0.0,1.0,0.0,1.0,1.0,1.0,0.0,3,4->6,sEp,1,fCo,1
0.0,1.0,0.0,1.0,0.0,1.0,1.0,2,6->7,PCAall,1,sRpc,1
0.0,1.0,1.0,0.0,0.0,0.0,0.0,2,2->3,FutRet,0,OilVol,0
0.0,1.0,1.0,0.0,1.0,0.0,0.0,2,2->3,OpenInt,0,fEnv,1
0.0,1.0,0.0,0.0,0.0,0.0,0.0,1,2->2,OpenInt,0,WIPI_8wk,0
0.0,1.0,0.0,0.0,0.0,1.0,0.0,1,2->2; 6->6,DolBeta,0,fEpg,1
0.0,1.0,1.0,0.0,0.0,1.0,0.0,2,2->3,OpenInt,0,sp500Ret,0
0.0,1.0,1.0,0.0,0.0,1.0,0.0,2,2->3,OpenInt,0,liquidity,0
0.0,1.0,1.0,0.0,1.0,1.0,0.0,2,2->3; 5->6,OpenInt,0,sEpg,1
0.0,1.0,0.0,1.0,0.0,1.0,1.0,2,6->7,PCAall,1,fCo,1
0.0,1.0,0.0,1.0,1.0,1.0,0.0,3,4->6,sEnv,1,fCo,1
0.0,1.0,0.0,0.0,1.0,0.0,0.0,1,2->2; 5->5,sp500Ret,0,artcount,1
0.0,1.0,1.0,0.0,1.0,0.0,0.0,2,2->3,fCo,1,sEpg,1
0.0,1.0,0.0,0.0,1.0,0.0,1.0,1,2->2; 5->5; 7->7,PCAsent,1,fCo,1
0.0,1.0,0.0,0.0,0.0,1.0,0.0,1,2->2; 6->6,PCAsent,1,fEpg,1
0.0,1.0,1.0,0.0,0.0,0.0,0.0,2,2->3,DSpot,0,OilVol,0
0.0,1.0,1.0,0.0,0.0,1.0,1.0,2,2->3; 6->7,sCo,1,fEnv,1
0.0,1.0,0.0,1.0,0.0,1.0,0.0,1,2->2; 4->4; 6->6,DInv,0,fCo,1
0.0,1.0,0.0,0.0,1.0,0.0,0.0,1,2->2; 5->5,rdsaRet,0,fCo,1
0.0,1.0,0.0,0.0,0.0,1.0,0.0,1,2->2; 6->6,fEpg,1,sGom,1
0.0,1.0,1.0,0.0,1.0,0.0,0.0,2,2->3,OpenInt,0,rdsaRet,0
0.0,1.0,1.0,0.0,0.0,0.0,0.0,2,2->3,OpenInt,0,sEnv,1
0.0,1.0,1.0,0.0,0.0,0.0,0.0,2,2->3,rdsaRet,0,OilVol,0
0.0,1.0,1.0,0.0,0.0,0.0,0.0,2,2->3,OilVol,0,sRpc,1
0.0,1.0,0.0,0.0,1.0,0.0,1.0,1,2->2; 5->5; 7->7,rdsaRet,0,sCo,1
0.0,1.0,0.0,0.0,0.0,0.0,1.0,1,2->2; 7->7,FutRet,0,sCo,1
0.0,1.0,0.0,1.0,0.0,0.0,0.0,1,2->2; 4->4,HedgPres,0,fCo,1
0.0,1.0,0.0,1.0,0.0,1.0,0.0,1,2->2; 4->4; 6->6,liquidity,0,fEpg,1
0.0,1.0,1.0,0.0,0.0,1.0,0.0,2,2->3,DOilVol,0,fCo,1
0.0,1.0,1.0,0.0,0.0,0.0,0.0,2,2->3,OilVol,0,bpRet,0
0.0,1.0,1.0,0.0,0.0,0.0,0.0,2,2->3,OilVol,0,PCAall,1
0.0,1.0,0.0,1.0,0.0,1.0,0.0,1,2->2; 4->4; 6->6,vix_diff,0,fEpg,1
0.0,1.0,0.0,0.0,0.0,0.0,0.0,1,2->2,Mom,0,DInv,0
0.0,1.0,1.0,1.0,0.0,0.0,0.0,3,2->4,fEnv,1,fGom,1
0.0,1.0,0.0,0.0,0.0,0.0,1.0,1,2->2; 7->7,rdsaRet,0,entropy,1
0.0,1.0,0.0,0.0,1.0,1.0,0.0,2,5->6,WIPI_8wk,0,fCo,1
0.0,1.0,0.0,0.0,0.0,0.0,0.0,1,2->2,sCo,1,fGom,1
0.0,1.0,0.0,0.0,1.0,0.0,0.0,1,2->2; 5->5,sp500Ret,0,fCo,1
0.0,1.0,1.0,0.0,0.0,0.0,0.0,2,2->3,InflaBeta,0,OilVol,0
0.0,1.0,0.0,1.0,1.0,1.0,0.0,3,4->6,liquidity,0,fCo,1
0.0,1.0,0.0,1.0,0.0,0.0,0.0,1,2->2; 4->4,artcount,1,fCo,1
0.0,1.0,0.0,1.0,0.0,0.0,0.0,1,2->2; 4->4,fCo,1,sGom,1
0.0,1.0,0.0,0.0,0.0,0.0,1.0,1,2->2; 7->7,DSpot,0,sCo,1
0.0,1.0,0.0,1.0,1.0,0.0,0.0,2,4->5,DProd,0,fCo,1
0.0,1.0,1.0,0.0,0.0,0.0,1.0,2,2->3,InflaBeta,0,sEnv,1
0.0,1.0,1.0,0.0,0.0,0.0,0.0,2,2->3,OilVol,0,PCAsent,1
0.0,1.0,0.0,0.0,0.0,0.0,0.0,1,2->2,HedgPres,0,fBbl,1
0.0,1.0,0.0,0.0,1.0,0.0,0.0,1,2->2; 5->5,OpenInt,0,fCo,1
0.0,1.0,0.0,0.0,0.0,1.0,0.0,1,2->2; 6->6,fEpg,1,sRpc,1
0.0,1.0,1.0,0.0,0.0,0.0,0.0,2,2->3,OilVol,0,DProd,0
0.0,1.0,1.0,0.0,0.0,0.0,0.0,2,2->3,DFX,0,OilVol,0
0.0,1.0,0.0,1.0,0.0,1.0,0.0,1,2->2; 4->4; 6->6,fEpg,1,fBbl,1
0.0,1.0,1.0,0.0,0.0,0.0,0.0,2,2->3,OilVol,0,fGom,1
0.0,1.0,0.0,0.0,0.0,1.0,1.0,2,6->7,DOilVol,0,entropy,1
0.0,1.0,0.0,1.0,0.0,1.0,0.0,1,2->2; 4->4; 6->6,PCAfreq,1,artcount,1
0.0,1.0,0.0,0.0,0.0,0.0,1.0,1,2->2; 7->7,artcount,1,entropy,1
0.0,1.0,1.0,0.0,0.0,0.0,0.0,2,2->3,OilVol,0,fEp,1
0.0,1.0,1.0,0.0,0.0,0.0,0.0,2,2->3,OilVol,0,sp500Ret,0
0.0,1.0,1.0,0.0,0.0,0.0,0.0,2,2->3,basis,0,OilVol,0
0.0,1.0,0.0,0.0,0.0,0.0,0.0,1,2->2,DOilVol,0,fBbl,1
0.0,1.0,0.0,1.0,1.0,0.0,1.0,2,4->5,DProd,0,sCo,1
0.0,1.0,1.0,0.0,0.0,0.0,1.0,2,2->3,OilVol,0,sEpg,1
0.0,1.0,1.0,0.0,0.0,0.0,0.0,2,2->3,WIPI_8wk,0,OilVol,0
0.0,1.0,0.0,0.0,0.0,0.0,0.0,1,2->2,OpenInt,0,artcount,1
0.0,1.0,0.0,0.0,1.0,0.0,0.0,1,2->2; 5->5,rdsaRet,0,fBbl,1
0.0,1.0,1.0,0.0,0.0,0.0,0.0,2,2->3,OilVol,0,sEnv,1
0.0,1.0,1.0,0.0,0.0,1.0,0.0,2,2->3,InflaBeta,0,fCo,1
0.0,1.0,1.0,0.0,0.0,0.0,0.0,2,2->3,OilVol,0,artcount,1
0.0,1.0,1.0,0.0,0.0,0.0,0.0,2,2->3,HedgPres,0,OilVol,0
0.0,1.0,1.0,0.0,0.0,0.0,0.0,2,2->3,BEME,0,OilVol,0
0.0,1.0,0.0,1.0,0.0,1.0,0.0,1,2->2; 4->4; 6->6,fEpg,1,sCo,1
0.0,1.0,0.0,0.0,0.0,0.0,1.0,1,2->2; 7->7,sp500Ret,0,entropy,1
0.0,1.0,1.0,0.0,0.0,0.0,0.0,2,2->3,OilVol,0,sBbl,1
0.0,1.0,1.0,0.0,0.0,0.0,0.0,2,2->3,OilVol,0,sCo,1
0.0,1.0,0.0,0.0,0.0,0.0,1.0,1,2->2; 7->7,HedgPres,0,entropy,1
0.0,1.0,1.0,0.0,0.0,0.0,0.0,2,2->3,OilVol,0,PCAfreq,1
0.0,1.0,1.0,0.0,0.0,0.0,0.0,2,2->3,OilVol,0,fCo,1
0.0,1.0,1.0,0.0,0.0,0.0,0.0,2,2->3,OpenInt,0,OilVol,0
0.0,1.0,0.0,1.0,0.0,1.0,0.0,1,2->2; 4->4; 6->6,PCAall,1,fEpg,1
0.0,1.0,1.0,0.0,1.0,0.0,1.0,2,2->3,sp500Ret,0,fBbl,1
0.0,1.0,1.0,0.0,0.0,0.0,1.0,2,2->3,fEnv,1,entropy,1
0.0,1.0,0.0,0.0,0.0,0.0,1.0,1,2->2; 7->7,basis,0,entropy,1
0.0,1.0,0.0,0.0,0.0,0.0,1.0,1,2->2; 7->7,sEnv,1,entropy,1
0.0,1.0,0.0,0.0,0.0,0.0,1.0,1,2->2; 7->7,OpenInt,0,sCo,1
0.0,1.0,0.0,0.0,0.0,0.0,1.0,1,2->2; 7->7,entropy,1,sEpg,1
0.0,1.0,1.0,0.0,0.0,0.0,0.0,2,2->3,OilVol,0,DInv,0
0.0,1.0,0.0,1.0,1.0,0.0,0.0,2,4->5,fCo,1,fBbl,1
0.0,1.0,1.0,1.0,0.0,1.0,0.0,3,2->4,OpenInt,0,DInv,0
0.0,1.0,0.0,0.0,0.0,1.0,1.0,2,6->7,fGom,1,entropy,1
0.0,1.0,1.0,0.0,0.0,0.0,0.0,2,2->3,OilVol,0,fBbl,1
0.0,1.0,0.0,0.0,0.0,0.0,0.0,1,2->2,fCo,1,entropy,1
0.0,1.0,0.0,1.0,1.0,1.0,0.0,3,4->6,DInv,0,fEpg,1
0.0,1.0,0.0,1.0,0.0,1.0,0.0,1,2->2; 4->4; 6->6,fEpg,1,fGom,1
0.0,0.0,1.0,0.0,0.0,0.0,0.0,1,3->3,DOilVol,0,fEp,1
0.0,0.0,1.0,0.0,0.0,0.0,0.0,1,3->3,DOilVol,0,sp500Ret,0
0.0,0.0,1.0,0.0,1.0,0.0,0.0,1,3->3; 5->5,DOilVol,0,rdsaRet,0
0.0,0.0,1.0,0.0,0.0,0.0,0.0,1,3->3,liquidity,0,DOilVol,0
0.0,0.0,1.0,0.0,0.0,1.0,0.0,1,3->3; 6->6,WIPI_8wk,0,sRpc,1
0.0,0.0,1.0,0.0,0.0,0.0,0.0,1,3->3,DOilVol,0,StikIdx,0
0.0,0.0,1.0,0.0,0.0,0.0,0.0,1,3->3,DOilVol,0,sRpc,1
0.0,0.0,1.0,0.0,0.0,1.0,1.0,2,6->7,sRpc,1,sEnv,1
0.0,0.0,1.0,0.0,1.0,0.0,0.0,1,3->3; 5->5,StikIdx,0,sp500Ret,0
0.0,0.0,1.0,0.0,0.0,0.0,0.0,1,3->3,sp500Ret,0,xomRet,0
0.0,0.0,1.0,1.0,0.0,0.0,1.0,2,3->4,sRpc,1,entropy,1
0.0,0.0,1.0,0.0,0.0,1.0,0.0,1,3->3; 6->6,DFX,0,sRpc,1
0.0,0.0,1.0,0.0,0.0,0.0,0.0,1,3->3,StikIdx,0,sRpc,1
0.0,0.0,1.0,0.0,0.0,0.0,0.0,1,3->3,WIPI_8wk,0,DFX,0
0.0,0.0,1.0,0.0,0.0,0.0,0.0,1,3->3,liquidity,0,StikIdx,0
0.0,0.0,1.0,0.0,0.0,1.0,0.0,1,3->3; 6->6,StikIdx,0,fEp,1
0.0,0.0,1.0,0.0,0.0,0.0,1.0,1,3->3; 7->7,sRpc,1,sCo,1
0.0,0.0,1.0,0.0,0.0,0.0,0.0,1,3->3,StikIdx,0,DProd,0
0.0,0.0,1.0,0.0,0.0,0.0,0.0,1,3->3,rdsaRet,0,sent,1
0.0,0.0,1.0,0.0,0.0,0.0,0.0,1,3->3,StikIdx,0,sGom,1
0.0,0.0,1.0,0.0,0.0,0.0,0.0,1,3->3,WIPI_8wk,0,StikIdx,0
0.0,0.0,1.0,0.0,0.0,0.0,0.0,1,3->3,DOilVol,0,sent,1
0.0,0.0,1.0,0.0,0.0,0.0,0.0,1,3->3,sent,1,sGom,1
0.0,0.0,1.0,0.0,1.0,0.0,0.0,1,3->3; 5->5,DOilVol,0,xomRet,0
0.0,0.0,1.0,0.0,0.0,0.0,0.0,1,3->3,StikIdx,0,sBbl,1
0.0,0.0,1.0,0.0,0.0,0.0,0.0,1,3->3,HedgPres,0,StikIdx,0
0.0,0.0,1.0,0.0,0.0,1.0,0.0,1,3->3; 6->6,sent,1,sBbl,1
0.0,0.0,1.0,0.0,0.0,1.0,0.0,1,3->3; 6->6,DFX,0,sent,1
0.0,0.0,1.0,0.0,0.0,0.0,0.0,1,3->3,StikIdx,0,sEpg,1
0.0,0.0,1.0,0.0,0.0,1.0,1.0,2,6->7,DProd,0,sent,1
0.0,0.0,1.0,0.0,1.0,0.0,1.0,1,3->3; 5->5; 7->7,sEpg,1,fRpc,1
0.0,0.0,1.0,0.0,0.0,1.0,0.0,1,3->3; 6->6,WIPI_8wk,0,sent,1
0.0,0.0,1.0,0.0,0.0,0.0,0.0,1,3->3,StikIdx,0,sent,1
-1.0,-1.0,1.0,0.0,0.0,0.0,0.0,1,3->3,RPsdf_rolling,0,DOilVol,0
0.0,0.0,1.0,0.0,0.0,1.0,0.0,1,3->3; 6->6,sent,1,fRpc,1
0.0,0.0,1.0,0.0,0.0,1.0,0.0,1,3->3; 6->6,DInv,0,sEpg,1
0.0,0.0,1.0,0.0,0.0,0.0,0.0,1,3->3,FutRet,0,sent,1
0.0,0.0,1.0,0.0,0.0,0.0,0.0,1,3->3,bpRet,0,liquidity,0
0.0,0.0,1.0,0.0,0.0,1.0,0.0,1,3->3; 6->6,bpRet,0,fEp,1
0.0,0.0,1.0,0.0,0.0,0.0,0.0,1,3->3,xomRet,0,sent,1
0.0,0.0,1.0,1.0,0.0,0.0,0.0,2,3->4,sEnv,1,sGom,1
0.0,0.0,1.0,1.0,1.0,0.0,0.0,3,3->5,fCo,1,fRpc,1
0.0,0.0,1.0,0.0,0.0,1.0,0.0,1,3->3; 6->6,sent,1,sEpg,1
0.0,0.0,1.0,0.0,0.0,0.0,0.0,1,3->3,bpRet,0,sBbl,1
0.0,0.0,1.0,0.0,0.0,0.0,0.0,1,3->3,xomRet,0,sRpc,1
0.0,0.0,1.0,0.0,0.0,0.0,0.0,1,3->3,bpRet,0,WIPI_8wk,0
0.0,0.0,1.0,0.0,0.0,1.0,0.0,1,3->3; 6->6,DOilVol,0,PCAall,1
0.0,0.0,1.0,0.0,0.0,0.0,0.0,1,3->3,vix_diff,0,bpRet,0
0.0,0.0,1.0,0.0,0.0,0.0,1.0,1,3->3; 7->7,bpRet,0,PCAsent,1
0.0,0.0,1.0,0.0,0.0,0.0,0.0,1,3->3,DSpot,0,sent,1
0.0,0.0,1.0,1.0,0.0,1.0,1.0,2,3->4; 6->7,vix_diff,0,basis,0
0.0,0.0,1.0,0.0,0.0,0.0,0.0,1,3->3,DOilVol,0,sEnv,1
0.0,0.0,1.0,0.0,0.0,0.0,0.0,1,3->3,HedgPres,0,bpRet,0
0.0,0.0,1.0,0.0,0.0,1.0,0.0,1,3->3; 6->6,xomRet,0,fEp,1
0.0,0.0,1.0,0.0,1.0,0.0,0.0,1,3->3; 5->5,xomRet,0,liquidity,0
0.0,0.0,1.0,0.0,1.0,0.0,0.0,1,3->3; 5->5,xomRet,0,DProd,0
0.0,0.0,1.0,0.0,0.0,0.0,0.0,1,3->3,PCAsent,1,fGom,1
0.0,0.0,1.0,0.0,1.0,0.0,0.0,1,3->3; 5->5,xomRet,0,sEpg,1
0.0,0.0,1.0,0.0,1.0,0.0,0.0,1,3->3; 5->5,xomRet,0,WIPI_8wk,0
0.0,0.0,1.0,0.0,0.0,0.0,0.0,1,3->3,HedgPres,0,xomRet,0
0.0,0.0,1.0,0.0,0.0,0.0,0.0,1,3->3,bpRet,0,sent,1
0.0,0.0,1.0,0.0,1.0,0.0,0.0,1,3->3; 5->5,xomRet,0,sBbl,1
0.0,0.0,1.0,0.0,0.0,1.0,1.0,2,6->7,DFX,0,entropy,1
0.0,0.0,1.0,1.0,0.0,1.0,0.0,2,3->4,PCAall,1,fRpc,1
-1.0,-1.0,1.0,0.0,0.0,0.0,0.0,1,3->3,RPsdf_rolling,0,sEp,1
0.0,0.0,1.0,0.0,0.0,1.0,0.0,1,3->3; 6->6,liquidity,0,sp500Ret,0
-1.0,-1.0,1.0,0.0,0.0,0.0,1.0,1,3->3; 7->7,RPsdf_rolling,0,sEpg,1
-1.0,-1.0,1.0,0.0,0.0,0.0,0.0,1,3->3,RPsdf_rolling,0,sBbl,1
-1.0,-1.0,1.0,0.0,0.0,0.0,0.0,1,3->3,RPsdf_rolling,0,sRpc,1
-1.0,-1.0,1.0,0.0,0.0,0.0,0.0,1,3->3,RPsdf_rolling,0,sent,1
0.0,0.0,1.0,0.0,1.0,0.0,1.0,1,3->3; 5->5; 7->7,PCAsent,1,sEnv,1
0.0,0.0,1.0,0.0,1.0,0.0,1.0,1,3->3; 5->5; 7->7,BasMom,0,fCo,1
0.0,0.0,1.0,0.0,1.0,1.0,1.0,3,5->7,liquidity,0,sBbl,1
0.0,0.0,1.0,0.0,0.0,0.0,0.0,1,3->3,bpRet,0,sRpc,1
0.0,0.0,1.0,0.0,0.0,1.0,1.0,2,6->7,StikIdx,0,basis,0
0.0,0.0,1.0,0.0,0.0,0.0,1.0,1,3->3; 7->7,vix_diff,0,DProd,0
0.0,0.0,1.0,0.0,0.0,0.0,0.0,1,3->3,WIPI_8wk,0,sGom,1
0.0,0.0,1.0,0.0,0.0,1.0,0.0,1,3->3; 6->6,liquidity,0,sent,1
-1.0,-1.0,1.0,0.0,0.0,0.0,1.0,1,3->3; 7->7,RPsdf_rolling,0,fRpc,1
0.0,0.0,1.0,0.0,0.0,0.0,1.0,1,3->3; 7->7,OpenInt,0,entropy,1
-1.0,-1.0,1.0,0.0,0.0,0.0,0.0,1,3->3,RPsdf_rolling,0,PCAfreq,1
0.0,0.0,1.0,1.0,0.0,1.0,1.0,2,3->4; 6->7,liquidity,0,basis,0
0.0,0.0,1.0,0.0,0.0,1.0,1.0,2,6->7,bpRet,0,basis,0
0.0,0.0,1.0,0.0,0.0,0.0,0.0,1,3->3,bpRet,0,fRpc,1
-1.0,-1.0,1.0,0.0,0.0,0.0,0.0,1,3->3,RPsdf_rolling,0,StikIdx,0
0.0,0.0,1.0,0.0,0.0,0.0,0.0,1,3->3,bpRet,0,StikIdx,0
0.0,0.0,1.0,1.0,0.0,0.0,1.0,2,3->4,vix_diff,0,liquidity,0
0.0,0.0,1.0,0.0,1.0,0.0,1.0,1,3->3; 5->5; 7->7,xomRet,0,PCAsent,1
0.0,0.0,1.0,1.0,1.0,0.0,0.0,3,3->5,fEnv,1,sEp,1
0.0,0.0,1.0,0.0,0.0,0.0,0.0,1,3->3,DFX,0,sGom,1
0.0,0.0,1.0,0.0,0.0,1.0,0.0,1,3->3; 6->6,liquidity,0,sEp,1
0.0,0.0,1.0,0.0,0.0,0.0,0.0,1,3->3,vix_diff,0,rdsaRet,0
-1.0,-1.0,1.0,0.0,0.0,0.0,1.0,1,3->3; 7->7,RPsdf_rolling,0,basis,0
0.0,0.0,1.0,0.0,0.0,0.0,1.0,1,3->3; 7->7,basis,0,sRpc,1
0.0,0.0,1.0,0.0,0.0,0.0,0.0,1,3->3,PCAsent,1,sGom,1
0.0,0.0,1.0,0.0,1.0,0.0,0.0,1,3->3; 5->5,sp500Ret,0,sEp,1
-1.0,-1.0,1.0,0.0,0.0,0.0,0.0,1,3->3,RPsdf_rolling,0,bpRet,0
0.0,0.0,1.0,0.0,0.0,0.0,0.0,1,3->3,FutRet,0,sEnv,1
0.0,0.0,1.0,0.0,1.0,1.0,0.0,2,5->6,PCAsent,1,fRpc,1
-1.0,-1.0,1.0,0.0,0.0,0.0,0.0,1,3->3,RPsdf_rolling,0,rdsaRet,0
0.0,0.0,1.0,0.0,0.0,0.0,0.0,1,3->3,DSpot,0,sEnv,1
0.0,0.0,1.0,0.0,0.0,0.0,0.0,1,3->3,vix_diff,0,sent,1
0.0,0.0,1.0,0.0,0.0,0.0,0.0,1,3->3,OpenInt,0,FutRet,0
0.0,0.0,1.0,0.0,0.0,0.0,0.0,1,3->3,PCAsent,1,sEp,1
0.0,0.0,1.0,0.0,0.0,0.0,0.0,1,3->3,OpenInt,0,DSpot,0
0.0,0.0,1.0,0.0,0.0,1.0,1.0,2,6->7,DFX,0,PCAsent,1
0.0,0.0,1.0,1.0,0.0,1.0,0.0,2,3->4,DInv,0,sp500Ret,0
-1.0,-1.0,1.0,0.0,0.0,0.0,0.0,1,3->3,RPsdf_rolling,0,sEnv,1
0.0,0.0,1.0,0.0,1.0,1.0,0.0,2,5->6,DolBeta,0,sEpg,1
-1.0,-1.0,1.0,0.0,1.0,1.0,0.0,2,5->6,RPsdf_growing,0,fRpc,1
0.0,0.0,1.0,1.0,1.0,0.0,1.0,3,3->5,sEnv,1,sCo,1
0.0,0.0,1.0,1.0,0.0,0.0,0.0,2,3->4,DInv,0,sGom,1
0.0,0.0,1.0,0.0,0.0,1.0,1.0,2,6->7,DolBeta,0,entropy,1
0.0,0.0,1.0,0.0,1.0,0.0,1.0,1,3->3; 5->5; 7->7,PCAsent,1,sBbl,1
0.0,0.0,1.0,0.0,1.0,1.0,1.0,3,5->7,PCAsent,1,fEp,1
0.0,0.0,1.0,0.0,0.0,0.0,0.0,1,3->3,bpRet,0,sEnv,1
0.0,0.0,1.0,0.0,0.0,1.0,1.0,2,6->7,basis,0,sp500Ret,0
0.0,0.0,1.0,0.0,0.0,0.0,1.0,1,3->3; 7->7,vix_diff,0,PCAsent,1
-1.0,-1.0,1.0,0.0,0.0,0.0,1.0,1,3->3; 7->7,RPsdf_rolling,0,PCAsent,1
0.0,0.0,1.0,1.0,0.0,0.0,0.0,2,3->4,BEME,0,fEnv,1
0.0,0.0,1.0,0.0,0.0,0.0,0.0,1,3->3,sEnv,1,fEnv,1
0.0,0.0,1.0,0.0,1.0,0.0,0.0,1,3->3; 5->5,StikIdx,0,rdsaRet,0
0.0,0.0,1.0,0.0,0.0,0.0,0.0,1,3->3,StikIdx,0,sEnv,1
0.0,0.0,1.0,0.0,0.0,1.0,1.0,2,6->7,basis,0,sent,1
0.0,0.0,1.0,0.0,0.0,0.0,0.0,1,3->3,FutRet,0,fEnv,1
0.0,0.0,1.0,0.0,0.0,0.0,0.0,1,3->3,DSpot,0,fEnv,1
0.0,0.0,1.0,0.0,1.0,0.0,0.0,1,3->3; 5->5,xomRet,0,sEnv,1
0.0,0.0,1.0,1.0,0.0,1.0,0.0,2,3->4,OpenInt,0,sEp,1
0.0,0.0,1.0,0.0,0.0,0.0,0.0,1,3->3,sent,1,fEnv,1
0.0,0.0,1.0,0.0,1.0,0.0,0.0,1,3->3; 5->5,DolBeta,0,fEnv,1
0.0,0.0,1.0,0.0,0.0,0.0,0.0,1,3->3,bpRet,0,fEnv,1
0.0,0.0,1.0,0.0,0.0,0.0,1.0,1,3->3; 7->7,PCAsent,1,entropy,1
0.0,0.0,1.0,0.0,0.0,1.0,1.0,2,6->7,sCo,1,sent,1
0.0,0.0,1.0,0.0,1.0,0.0,1.0,1,3->3; 5->5; 7->7,liquidity,0,PCAsent,1
-1.0,-1.0,1.0,0.0,0.0,0.0,0.0,1,3->3,RPsdf_rolling,0,fEnv,1
0.0,0.0,1.0,0.0,0.0,0.0,0.0,1,3->3,DProd,0,fEnv,1
0.0,0.0,1.0,0.0,1.0,0.0,0.0,1,3->3; 5->5,liquidity,0,fEnv,1
0.0,0.0,1.0,0.0,1.0,0.0,1.0,1,3->3; 5->5; 7->7,PCAsent,1,fEnv,1
0.0,0.0,1.0,0.0,0.0,0.0,0.0,1,3->3,fRpc,1,sRpc,1
0.0,0.0,1.0,0.0,1.0,1.0,1.0,3,5->7,PCAsent,1,sCo,1
0.0,0.0,1.0,0.0,0.0,0.0,0.0,1,3->3,WIPI_8wk,0,fEnv,1
-1.0,-1.0,1.0,0.0,1.0,1.0,0.0,2,5->6,RPsdf_growing,0,xomRet,0
0.0,0.0,1.0,0.0,0.0,1.0,0.0,1,3->3; 6->6,DFX,0,fEnv,1
0.0,0.0,1.0,0.0,1.0,0.0,0.0,1,3->3; 5->5,xomRet,0,fEnv,1
0.0,0.0,1.0,0.0,0.0,1.0,0.0,1,3->3; 6->6,DFX,0,sEnv,1
0.0,0.0,1.0,0.0,0.0,0.0,0.0,1,3->3,StikIdx,0,fEnv,1
-1.0,-1.0,1.0,0.0,1.0,1.0,0.0,2,5->6,RPsdf_growing,0,fCo,1
0.0,0.0,1.0,0.0,0.0,1.0,0.0,1,3->3; 6->6,basis,0,PCAsent,1
0.0,0.0,1.0,0.0,0.0,1.0,0.0,1,3->3; 6->6,StikIdx,0,xomRet,0
-1.0,-1.0,1.0,0.0,1.0,1.0,1.0,3,5->7,RPsdf_growing,0,sEnv,1
-1.0,-1.0,1.0,0.0,1.0,1.0,1.0,3,5->7,RPsdf_growing,0,DInv,0
0.0,0.0,1.0,0.0,0.0,1.0,0.0,1,3->3; 6->6,DolBeta,0,sent,1
0.0,0.0,1.0,0.0,1.0,1.0,0.0,2,5->6,fEp,1,sent,1
-1.0,-1.0,1.0,0.0,1.0,1.0,0.0,2,5->6,RPsdf_growing,0,DOilVol,0
0.0,0.0,1.0,0.0,0.0,0.0,1.0,1,3->3; 7->7,OpenInt,0,PCAsent,1
-1.0,-1.0,1.0,0.0,1.0,1.0,1.0,3,5->7,RPsdf_growing,0,sBbl,1
0.0,0.0,1.0,0.0,0.0,0.0,1.0,1,3->3; 7->7,InflaBeta,0,entropy,1
-1.0,-1.0,1.0,0.0,0.0,1.0,1.0,2,6->7,RPsdf_growing,0,sCo,1
0.0,0.0,1.0,1.0,1.0,0.0,0.0,3,3->5,DolBeta,0,fCo,1
-1.0,-1.0,1.0,0.0,0.0,0.0,1.0,1,3->3; 7->7,RPsdf_growing,0,basis,0
-1.0,-1.0,1.0,0.0,1.0,1.0,0.0,2,5->6,RPsdf_growing,0,PCAfreq,1
-1.0,-1.0,1.0,0.0,1.0,1.0,0.0,2,5->6,RPsdf_growing,0,DFX,0
-1.0,-1.0,1.0,0.0,1.0,1.0,0.0,2,5->6,RPsdf_growing,0,liquidity,0
-1.0,-1.0,1.0,0.0,1.0,1.0,0.0,2,5->6,RPsdf_growing,0,StikIdx,0
-1.0,-1.0,1.0,0.0,1.0,1.0,1.0,3,5->7,RPsdf_growing,0,DProd,0
0.0,0.0,1.0,0.0,1.0,1.0,0.0,2,5->6,rdsaRet,0,xomRet,0
-1.0,-1.0,1.0,0.0,1.0,0.0,0.0,1,3->3; 5->5,RPsdf_growing,0,FutRet,0
-1.0,-1.0,1.0,0.0,1.0,0.0,0.0,1,3->3; 5->5,RPsdf_growing,0,DSpot,0
-1.0,-1.0,1.0,0.0,0.0,1.0,0.0,1,3->3; 6->6,RPsdf_growing,0,sRpc,1
0.0,0.0,1.0,0.0,0.0,1.0,1.0,2,6->7,InflaBeta,0,fRpc,1
-1.0,-1.0,1.0,0.0,1.0,1.0,1.0,3,5->7,RPsdf_growing,0,fEp,1
-1.0,-1.0,1.0,0.0,1.0,0.0,1.0,1,3->3; 5->5; 7->7,RPsdf_growing,0,fEnv,1
-1.0,-1.0,1.0,0.0,0.0,1.0,0.0,1,3->3; 6->6,RPsdf_growing,0,entropy,1
-1.0,-1.0,1.0,0.0,1.0,1.0,0.0,2,5->6,RPsdf_growing,0,sp500Ret,0
0.0,0.0,1.0,0.0,0.0,0.0,0.0,1,3->3,DInv,0,sent,1
0.0,0.0,1.0,0.0,0.0,1.0,1.0,2,6->7,InflaBeta,0,sent,1
-1.0,-1.0,1.0,0.0,0.0,0.0,0.0,1,3->3,RPsdf_growing,0,sGom,1
0.0,0.0,1.0,0.0,0.0,1.0,0.0,1,3->3; 6->6,OpenInt,0,sent,1
-1.0,-1.0,1.0,0.0,1.0,1.0,1.0,3,5->7,RPsdf_growing,0,PCAall,1
-1.0,-1.0,1.0,0.0,0.0,0.0,0.0,1,3->3,RPsdf_rolling,0,tnote_10y,0
-1.0,-1.0,1.0,0.0,1.0,1.0,1.0,3,5->7,RPsdf_growing,0,PCAsent,1
-1.0,-1.0,1.0,0.0,1.0,1.0,1.0,3,5->7,RPsdf_growing,0,WIPI_8wk,0
-1.0,-1.0,1.0,0.0,0.0,0.0,0.0,1,3->3,RPsdf_growing,0,fGom,1
-1.0,-1.0,1.0,0.0,1.0,1.0,0.0,2,5->6,RPsdf_growing,0,sEp,1
-1.0,-1.0,1.0,0.0,1.0,1.0,0.0,2,5->6,RPsdf_growing,0,bpRet,0
-1.0,-1.0,1.0,0.0,0.0,0.0,0.0,1,3->3,RPsdf_rolling,0,RPsdf_growing,0
-1.0,-1.0,1.0,0.0,1.0,1.0,1.0,3,5->7,RPsdf_growing,0,fBbl,1
-1.0,-1.0,1.0,0.0,1.0,1.0,0.0,2,5->6,RPsdf_growing,0,rdsaRet,0
0.0,0.0,1.0,0.0,0.0,1.0,0.0,1,3->3; 6->6,sEpg,1,fEpg,1
-1.0,-1.0,1.0,0.0,0.0,1.0,0.0,1,3->3; 6->6,RPsdf_growing,0,sent,1
0.0,0.0,1.0,0.0,0.0,0.0,0.0,1,3->3,OilVol,0,xomRet,0
0.0,0.0,1.0,0.0,0.0,0.0,0.0,1,3->3,DOilVol,0,OilVol,0
0.0,0.0,1.0,0.0,0.0,0.0,0.0,1,3->3,Mom,0,OilVol,0
0.0,0.0,1.0,0.0,0.0,0.0,1.0,1,3->3; 7->7,tnote_10y,0,entropy,1
-1.0,-1.0,1.0,0.0,1.0,1.0,1.0,3,5->7,RPsdf_growing,0,sEpg,1
0.0,0.0,1.0,0.0,0.0,1.0,0.0,1,3->3; 6->6,OilVol,0,fEpg,1
0.0,0.0,1.0,0.0,0.0,0.0,0.0,1,3->3,OilVol,0,sEp,1
0.0,0.0,1.0,0.0,0.0,0.0,0.0,1,3->3,OilVol,0,fRpc,1
0.0,0.0,1.0,0.0,0.0,0.0,0.0,1,3->3,OilVol,0,sGom,1
-1.0,-1.0,1.0,0.0,0.0,0.0,0.0,1,3->3,RPsdf_rolling,0,OilVol,0
0.0,0.0,1.0,0.0,0.0,0.0,0.0,1,3->3,vix_diff,0,OilVol,0
-1.0,-1.0,1.0,0.0,1.0,1.0,0.0,2,5->6,RPsdf_growing,0,tnote_10y,0
0.0,0.0,1.0,0.0,0.0,0.0,0.0,1,3->3,OilVol,0,sent,1
0.0,0.0,1.0,0.0,0.0,0.0,0.0,1,3->3,OilVol,0,StikIdx,0
0.0,0.0,1.0,0.0,0.0,0.0,0.0,1,3->3,OilVol,0,entropy,1
-1.0,-1.0,1.0,0.0,0.0,0.0,0.0,1,3->3,RPsdf_growing,0,OilVol,0
0.0,0.0,1.0,0.0,0.0,0.0,0.0,1,3->3,DolBeta,0,OilVol,0
0.0,0.0,0.0,1.0,0.0,1.0,0.0,1,4->4; 6->6,artcount,1,sRpc,1
0.0,0.0,0.0,1.0,0.0,0.0,1.0,1,4->4; 7->7,PCAall,1,sCo,1
0.0,0.0,0.0,1.0,0.0,0.0,1.0,1,4->4; 7->7,OpenInt,0,PCAall,1
0.0,0.0,0.0,1.0,0.0,0.0,1.0,1,4->4; 7->7,PCAfreq,1,sEp,1
0.0,0.0,0.0,1.0,1.0,1.0,0.0,3,4->6,DProd,0,sEp,1
0.0,0.0,0.0,1.0,0.0,1.0,1.0,2,6->7,PCAall,1,fEnv,1
0.0,0.0,0.0,1.0,0.0,1.0,0.0,1,4->4; 6->6,DFX,0,PCAfreq,1
0.0,0.0,0.0,1.0,0.0,0.0,0.0,1,4->4,HedgPres,0,artcount,1
0.0,0.0,0.0,1.0,0.0,1.0,0.0,1,4->4; 6->6,liquidity,0,artcount,1
0.0,0.0,0.0,1.0,0.0,0.0,0.0,1,4->4,BEME,0,artcount,1
0.0,0.0,0.0,1.0,0.0,1.0,1.0,2,6->7,PCAall,1,artcount,1
0.0,0.0,0.0,1.0,0.0,1.0,0.0,1,4->4; 6->6,fEpg,1,fEnv,1
0.0,0.0,0.0,1.0,0.0,1.0,0.0,1,4->4; 6->6,DProd,0,fEpg,1
0.0,0.0,0.0,1.0,0.0,1.0,0.0,1,4->4; 6->6,sEnv,1,fEpg,1
0.0,0.0,0.0,1.0,0.0,1.0,0.0,1,4->4; 6->6,fEpg,1,fRpc,1
0.0,0.0,0.0,1.0,0.0,0.0,0.0,1,4->4,fGom,1,sBbl,1
0.0,0.0,0.0,1.0,0.0,1.0,0.0,1,4->4; 6->6,fEpg,1,sEp,1
0.0,0.0,0.0,1.0,1.0,1.0,0.0,3,4->6,DProd,0,artcount,1
0.0,0.0,0.0,1.0,0.0,1.0,0.0,1,4->4; 6->6,fEpg,1,artcount,1
0.0,0.0,0.0,1.0,0.0,0.0,0.0,1,4->4,vix_diff,0,fGom,1
0.0,0.0,0.0,1.0,0.0,0.0,0.0,1,4->4,sEp,1,fGom,1
0.0,0.0,0.0,1.0,0.0,0.0,0.0,1,4->4,OpenInt,0,fGom,1
0.0,0.0,0.0,1.0,0.0,0.0,0.0,1,4->4,basis,0,DSpot,0
0.0,0.0,0.0,1.0,0.0,1.0,0.0,1,4->4; 6->6,DOilVol,0,DInv,0
0.0,0.0,0.0,1.0,0.0,0.0,1.0,1,4->4; 7->7,FutRet,0,basis,0
0.0,0.0,0.0,1.0,0.0,1.0,0.0,1,4->4; 6->6,PCAfreq,1,fEnv,1
0.0,0.0,0.0,1.0,0.0,1.0,0.0,1,4->4; 6->6,liquidity,0,PCAfreq,1
-1.0,-1.0,0.0,1.0,0.0,0.0,0.0,1,4->4,RPsdf_rolling,0,entropy,1
0.0,0.0,0.0,1.0,0.0,1.0,0.0,1,4->4; 6->6,PCAfreq,1,sEnv,1
-1.0,-1.0,0.0,1.0,0.0,0.0,0.0,1,4->4,RPsdf_rolling,0,fGom,1
0.0,0.0,0.0,1.0,1.0,1.0,0.0,3,4->6,sEp,1,fEp,1
0.0,0.0,0.0,1.0,0.0,1.0,0.0,1,4->4; 6->6,BEME,0,PCAfreq,1
0.0,0.0,0.0,1.0,0.0,1.0,0.0,1,4->4; 6->6,PCAfreq,1,fEpg,1
0.0,0.0,0.0,1.0,0.0,1.0,0.0,1,4->4; 6->6,PCAfreq,1,fEp,1
0.0,0.0,0.0,1.0,0.0,0.0,0.0,1,4->4,fEp,1,sEnv,1
0.0,0.0,0.0,1.0,0.0,1.0,0.0,1,4->4; 6->6,liquidity,0,fEp,1
0.0,0.0,0.0,1.0,0.0,1.0,0.0,1,4->4; 6->6,OpenInt,0,PCAfreq,1
0.0,0.0,0.0,1.0,0.0,1.0,0.0,1,4->4; 6->6,fEp,1,fEpg,1
0.0,0.0,0.0,1.0,0.0,0.0,0.0,1,4->4,FutRet,0,sGom,1
0.0,0.0,0.0,1.0,0.0,0.0,0.0,1,4->4,DFX,0,fEp,1
0.0,0.0,0.0,1.0,0.0,0.0,1.0,1,4->4; 7->7,basis,0,fRpc,1
0.0,0.0,0.0,1.0,0.0,0.0,0.0,1,4->4,basis,0,DFX,0
0.0,0.0,0.0,1.0,0.0,0.0,1.0,1,4->4; 7->7,WIPI_8wk,0,basis,0
0.0,0.0,0.0,1.0,0.0,0.0,0.0,1,4->4,DSpot,0,sGom,1
0.0,0.0,0.0,1.0,0.0,0.0,0.0,1,4->4,fEp,1,sBbl,1
0.0,0.0,0.0,1.0,0.0,1.0,0.0,1,4->4; 6->6,PCAfreq,1,sRpc,1
0.0,0.0,0.0,1.0,0.0,1.0,0.0,1,4->4; 6->6,PCAfreq,1,sBbl,1
0.0,0.0,0.0,1.0,0.0,1.0,1.0,2,6->7,basis,0,PCAfreq,1
0.0,0.0,0.0,1.0,0.0,1.0,0.0,1,4->4; 6->6,basis,0,fEpg,1
0.0,0.0,0.0,1.0,0.0,0.0,0.0,1,4->4,Mom,0,basis,0
0.0,0.0,0.0,1.0,0.0,0.0,0.0,1,4->4,basis,0,fGom,1
0.0,0.0,0.0,0.0,1.0,0.0,0.0,1,5->5,rdsaRet,0,bpRet,0
0.0,0.0,0.0,0.0,1.0,0.0,0.0,1,5->5,FutRet,0,DOilVol,0
0.0,0.0,0.0,0.0,1.0,0.0,1.0,1,5->5; 7->7,xomRet,0,PCAall,1
0.0,0.0,0.0,0.0,1.0,0.0,0.0,1,5->5,FutRet,0,PCAall,1
0.0,0.0,0.0,0.0,1.0,0.0,0.0,1,5->5,FutRet,0,sp500Ret,0
0.0,0.0,0.0,0.0,1.0,1.0,0.0,2,5->6,sBbl,1,sEp,1
0.0,0.0,0.0,0.0,1.0,0.0,0.0,1,5->5,BEME,0,bpRet,0
0.0,0.0,0.0,0.0,1.0,0.0,0.0,1,5->5,FutRet,0,bpRet,0
0.0,0.0,0.0,0.0,1.0,1.0,0.0,2,5->6,xomRet,0,DFX,0
0.0,0.0,0.0,0.0,1.0,0.0,0.0,1,5->5,OpenInt,0,xomRet,0
0.0,0.0,0.0,0.0,1.0,0.0,0.0,1,5->5,StikIdx,0,FutRet,0
0.0,0.0,0.0,0.0,1.0,0.0,0.0,1,5->5,FutRet,0,fCo,1
0.0,0.0,0.0,0.0,1.0,0.0,0.0,1,5->5,Mom,0,bpRet,0
0.0,0.0,0.0,0.0,1.0,0.0,1.0,1,5->5; 7->7,DolBeta,0,PCAsent,1
0.0,0.0,0.0,0.0,1.0,0.0,0.0,1,5->5,xomRet,0,sEp,1
0.0,0.0,0.0,0.0,1.0,0.0,0.0,1,5->5,BEME,0,sEp,1
0.0,0.0,0.0,0.0,1.0,0.0,1.0,1,5->5; 7->7,FutRet,0,sEpg,1
0.0,0.0,0.0,0.0,1.0,0.0,0.0,1,5->5,Mom,0,PCAsent,1
0.0,0.0,0.0,0.0,1.0,0.0,0.0,1,5->5,FutRet,0,DProd,0
0.0,0.0,0.0,0.0,1.0,0.0,0.0,1,5->5,Mom,0,DFX,0
0.0,0.0,0.0,0.0,1.0,0.0,0.0,1,5->5,Mom,0,liquidity,0
0.0,0.0,0.0,0.0,1.0,0.0,0.0,1,5->5,Mom,0,DProd,0
0.0,0.0,0.0,0.0,1.0,0.0,0.0,1,5->5,sEp,1,sEpg,1
0.0,0.0,0.0,0.0,1.0,1.0,0.0,2,5->6,DProd,0,sBbl,1
0.0,0.0,0.0,0.0,1.0,0.0,0.0,1,5->5,Mom,0,sBbl,1
0.0,0.0,0.0,0.0,1.0,1.0,0.0,2,5->6,DProd,0,DFX,0
0.0,0.0,0.0,0.0,1.0,0.0,0.0,1,5->5,Mom,0,fEnv,1
0.0,0.0,0.0,0.0,1.0,0.0,0.0,1,5->5,Mom,0,sEp,1
0.0,0.0,0.0,0.0,1.0,0.0,0.0,1,5->5,Mom,0,PCAall,1
0.0,0.0,0.0,0.0,1.0,0.0,0.0,1,5->5,Mom,0,sEnv,1
0.0,0.0,0.0,0.0,1.0,0.0,0.0,1,5->5,Mom,0,xomRet,0
0.0,0.0,0.0,0.0,1.0,0.0,0.0,1,5->5,Mom,0,DOilVol,0
0.0,0.0,0.0,0.0,1.0,0.0,0.0,1,5->5,rdsaRet,0,FutRet,0
0.0,0.0,0.0,0.0,1.0,0.0,1.0,1,5->5; 7->7,BEME,0,PCAsent,1
-1.0,-1.0,0.0,0.0,1.0,1.0,1.0,3,5->7,RPsdf_growing,0,artcount,1
0.0,0.0,0.0,0.0,1.0,0.0,0.0,1,5->5,Mom,0,StikIdx,0
0.0,0.0,0.0,0.0,1.0,0.0,0.0,1,5->5,BEME,0,xomRet,0
0.0,0.0,0.0,0.0,1.0,0.0,0.0,1,5->5,BEME,0,fRpc,1
0.0,0.0,0.0,0.0,1.0,1.0,0.0,2,5->6,xomRet,0,fCo,1
0.0,0.0,0.0,0.0,1.0,0.0,0.0,1,5->5,Mom,0,sEpg,1
0.0,0.0,0.0,0.0,1.0,0.0,0.0,1,5->5,Mom,0,fCo,1
0.0,0.0,0.0,0.0,1.0,0.0,0.0,1,5->5,Mom,0,sp500Ret,0
0.0,0.0,0.0,0.0,1.0,0.0,0.0,1,5->5,sp500Ret,0,fRpc,1
0.0,0.0,0.0,0.0,1.0,0.0,0.0,1,5->5,Mom,0,rdsaRet,0
0.0,0.0,0.0,0.0,1.0,0.0,0.0,1,5->5,Mom,0,FutRet,0
0.0,0.0,0.0,0.0,1.0,0.0,0.0,1,5->5,rdsaRet,0,sEp,1
0.0,0.0,0.0,0.0,1.0,0.0,0.0,1,5->5,DFX,0,rdsaRet,0
0.0,0.0,0.0,0.0,1.0,0.0,0.0,1,5->5,DSpot,0,xomRet,0
0.0,0.0,0.0,0.0,1.0,0.0,0.0,1,5->5,rdsaRet,0,sBbl,1
0.0,0.0,0.0,0.0,1.0,0.0,0.0,1,5->5,rdsaRet,0,fRpc,1
0.0,0.0,0.0,0.0,1.0,0.0,0.0,1,5->5,DSpot,0,rdsaRet,0
0.0,0.0,0.0,0.0,1.0,0.0,0.0,1,5->5,Mom,0,DSpot,0
0.0,0.0,0.0,0.0,1.0,0.0,0.0,1,5->5,DSpot,0,artcount,1
0.0,0.0,0.0,0.0,1.0,0.0,0.0,1,5->5,FutRet,0,artcount,1
0.0,0.0,0.0,0.0,0.0,1.0,0.0,1,6->6,sEnv,1,sBbl,1
0.0,0.0,0.0,0.0,0.0,1.0,0.0,1,6->6,artcount,1,sBbl,1
0.0,0.0,0.0,0.0,0.0,1.0,1.0,2,6->7,sEp,1,sent,1
0.0,0.0,0.0,0.0,0.0,1.0,0.0,1,6->6,sent,1,artcount,1
0.0,0.0,0.0,0.0,0.0,1.0,0.0,1,6->6,vix_diff,0,StikIdx,0
0.0,0.0,0.0,0.0,0.0,1.0,1.0,2,6->7,InflaBeta,0,artcount,1
0.0,0.0,0.0,0.0,0.0,1.0,0.0,1,6->6,DFX,0,StikIdx,0
0.0,0.0,0.0,0.0,0.0,1.0,1.0,2,6->7,PCAfreq,1,sent,1
0.0,0.0,0.0,0.0,0.0,1.0,0.0,1,6->6,DOilVol,0,DFX,0
0.0,0.0,0.0,0.0,0.0,1.0,1.0,2,6->7,entropy,1,sent,1
0.0,0.0,0.0,0.0,0.0,1.0,0.0,1,6->6,bpRet,0,xomRet,0
0.0,0.0,0.0,0.0,0.0,1.0,0.0,1,6->6,BEME,0,DFX,0
0.0,0.0,0.0,0.0,0.0,1.0,0.0,1,6->6,liquidity,0,DFX,0
0.0,0.0,0.0,0.0,0.0,1.0,0.0,1,6->6,bpRet,0,DFX,0
0.0,0.0,0.0,0.0,0.0,1.0,0.0,1,6->6,DFX,0,fRpc,1
0.0,0.0,0.0,0.0,0.0,1.0,0.0,1,6->6,DFX,0,sEp,1
0.0,0.0,0.0,0.0,0.0,1.0,0.0,1,6->6,DFX,0,sBbl,1
0.0,0.0,0.0,0.0,0.0,1.0,0.0,1,6->6,sp500Ret,0,sent,1
0.0,0.0,0.0,0.0,0.0,1.0,1.0,2,6->7,sEp,1,entropy,1
0.0,0.0,0.0,0.0,0.0,1.0,0.0,1,6->6,StikIdx,0,PCAfreq,1
0.0,0.0,0.0,0.0,0.0,1.0,0.0,1,6->6,bpRet,0,PCAfreq,1
0.0,0.0,0.0,0.0,0.0,1.0,1.0,2,6->7,DolBeta,0,PCAall,1
0.0,0.0,0.0,0.0,0.0,1.0,1.0,2,6->7,PCAall,1,entropy,1
0.0,0.0,0.0,0.0,0.0,1.0,0.0,1,6->6,basis,0,PCAall,1
0.0,0.0,0.0,0.0,0.0,1.0,0.0,1,6->6,fEp,1,entropy,1
0.0,0.0,0.0,0.0,0.0,1.0,0.0,1,6->6,xomRet,0,basis,0
0.0,0.0,0.0,0.0,0.0,1.0,0.0,1,6->6,PCAfreq,1,sEpg,1
0.0,0.0,0.0,0.0,0.0,1.0,0.0,1,6->6,PCAsent,1,sent,1
0.0,0.0,0.0,0.0,0.0,1.0,0.0,1,6->6,WIPI_8wk,0,PCAfreq,1
0.0,0.0,0.0,0.0,0.0,1.0,0.0,1,6->6,PCAall,1,sent,1
0.0,0.0,0.0,0.0,0.0,1.0,0.0,1,6->6,DSpot,0,fEpg,1
-1.0,-1.0,-1.0,-1.0,-1.0,1.0,0.0,1,6->6,ovx_diff,0,fEpg,1
0.0,0.0,0.0,0.0,0.0,1.0,0.0,1,6->6,FutRet,0,fEpg,1
0.0,0.0,0.0,0.0,0.0,1.0,0.0,1,6->6,xomRet,0,fEpg,1
0.0,0.0,0.0,0.0,0.0,1.0,0.0,1,6->6,basis,0,sEpg,1
0.0,0.0,0.0,0.0,0.0,1.0,0.0,1,6->6,sp500Ret,0,fEpg,1
0.0,0.0,0.0,0.0,0.0,1.0,0.0,1,6->6,DFX,0,fEpg,1
0.0,0.0,0.0,0.0,0.0,1.0,0.0,1,6->6,StikIdx,0,fEpg,1
0.0,0.0,0.0,0.0,0.0,1.0,0.0,1,6->6,bpRet,0,fEpg,1
-1.0,-1.0,0.0,0.0,0.0,1.0,0.0,1,6->6,RPsdf_growing,0,fEpg,1
0.0,0.0,0.0,0.0,0.0,1.0,0.0,1,6->6,sent,1,fEpg,1
0.0,0.0,0.0,0.0,0.0,1.0,0.0,1,6->6,entropy,1,fEpg,1
-1.0,-1.0,-1.0,-1.0,-1.0,0.0,1.0,1,7->7,ovx_diff,0,sRpc,1
0.0,0.0,0.0,0.0,0.0,0.0,1.0,1,7->7,BEME,0,liquidity,0
-1.0,-1.0,0.0,0.0,0.0,0.0,1.0,1,7->7,RPsdf_rolling,0,fBbl,1
0.0,0.0,0.0,0.0,0.0,0.0,1.0,1,7->7,vix_diff,0,PCAall,1
0.0,0.0,0.0,0.0,0.0,0.0,1.0,1,7->7,DFX,0,PCAall,1
-1.0,-1.0,-1.0,-1.0,-1.0,0.0,1.0,1,7->7,ovx_diff,0,sEpg,1
0.0,0.0,0.0,0.0,0.0,0.0,1.0,1,7->7,StikIdx,0,PCAsent,1
0.0,0.0,0.0,0.0,0.0,0.0,1.0,1,7->7,PCAsent,1,artcount,1
-1.0,-1.0,-1.0,-1.0,-1.0,0.0,1.0,1,7->7,ovx_diff,0,sCo,1
0.0,0.0,0.0,0.0,0.0,0.0,1.0,1,7->7,Mom,0,entropy,1
-1.0,-1.0,0.0,0.0,0.0,0.0,1.0,1,7->7,RPsdf_rolling,0,sCo,1
0.0,0.0,0.0,0.0,0.0,0.0,1.0,1,7->7,BEME,0,basis,0
0.0,0.0,0.0,0.0,0.0,0.0,1.0,1,7->7,xomRet,0,entropy,1
-1.0,-1.0,-1.0,-1.0,-1.0,0.0,1.0,1,7->7,ovx_diff,0,entropy,1
0.0,0.0,0.0,0.0,0.0,0.0,1.0,1,7->7,DSpot,0,entropy,1
0.0,0.0,0.0,0.0,0.0,0.0,1.0,1,7->7,DProd,0,entropy,1
0.0,0.0,0.0,0.0,0.0,0.0,1.0,1,7->7,FutRet,0,entropy,1
0.0,0.0,0.0,0.0,0.0,0.0,1.0,1,7->7,WIPI_8wk,0,entropy,1
0.0,0.0,0.0,0.0,0.0,0.0,1.0,1,7->7,StikIdx,0,entropy,1
0.0,0.0,0.0,0.0,0.0,0.0,1.0,1,7->7,bpRet,0,entropy,1
